-- Auto-generated by parse_raw.ps1 from raw_mage_frost_spellslinger.txt -- do not edit by hand.

USE `spellhell_tracker`;

DELETE FROM `talent_tree_connections` WHERE `class_name`='Mage' AND `spec_name`='Frost' AND (`hero_name`='' OR `hero_name`='Spellslinger');
DELETE FROM `talent_tree_nodes` WHERE `class_name`='Mage' AND `spec_name`='Frost' AND (`hero_name`='' OR `hero_name`='Spellslinger');

INSERT INTO `talent_tree_nodes`
  (`class_name`, `spec_name`, `hero_name`, `tree_type`,
   `cell_id`, `row_pos`, `col_pos`, `max_rank`, `is_gate`,
   `spell_id`, `node_name`, `icon_name`)
VALUES
  ('Mage', 'Frost', '', 'class', 9, 1, 10, 1, 0, 11426, 'Ice Barrier', 'spell_ice_lament.jpg'),
  ('Mage', 'Frost', '', 'class', 26, 2, 8, 1, 0, 342245, 'Alter Time', 'spell_mage_altertime.jpg'),
  ('Mage', 'Frost', '', 'class', 30, 2, 12, 1, 0, 45438, 'Ice Block', 'spell_frost_frost.jpg'),
  ('Mage', 'Frost', '', 'class', 43, 3, 6, 1, 0, 1244087, 'Temporal Realignment', 'warrior_doubletime.jpg'),
  ('Mage', 'Frost', '', 'class', 45, 3, 8, 2, 0, 342249, 'Master of Time', 'inv_belt_armor_waistoftime_d_01.jpg'),
  ('Mage', 'Frost', '', 'class', 49, 3, 12, 2, 0, 382424, 'Winter''s Protection', 'spell_ice_rune.jpg'),
  ('Mage', 'Frost', '', 'class', 51, 3, 14, 1, 0, 1250315, 'Frost Conditioning', 'spell_frost_icefloes.jpg'),
  ('Mage', 'Frost', '', 'class', 62, 4, 6, 2, 0, 383092, 'Arcane Warding', 'spell_arcane_arcaneresilience.jpg'),
  ('Mage', 'Frost', '', 'class', 66, 4, 10, 1, 0, 458437, 'Inspired Intellect', 'spell_holy_arcaneintellect.jpg'),
  ('Mage', 'Frost', '', 'class', 70, 4, 14, 1, 0, 55342, 'Mirror Image', 'spell_magic_lesserinvisibilty.jpg'),
  ('Mage', 'Frost', '', 'class', 79, 5, 4, 1, 0, 30449, 'Spellsteal', 'spell_arcane_arcane02.jpg'),
  ('Mage', 'Frost', '', 'class', 83, 5, 8, 1, 0, 382297, 'Quick Witted', 'ability_priest_surgeofdarkness.jpg'),
  ('Mage', 'Frost', '', 'class', 85, 5, 10, 1, 0, 31661, 'Supernova', 'inv_misc_head_dragon_01.jpg'),
  ('Mage', 'Frost', '', 'class', 87, 5, 12, 1, 0, 475, 'Remove Curse', 'spell_nature_removecurse.jpg'),
  ('Mage', 'Frost', '', 'class', 91, 5, 16, 2, 0, 1244025, 'Improved Conjuration', 'spell_arcane_focusedpower.jpg'),
  ('Mage', 'Frost', '', 'class', 98, 6, 4, 1, 0, 1270827, 'Improved Spellsteal', 'spell_arcane_arcane02.jpg'),
  ('Mage', 'Frost', '', 'class', 100, 6, 6, 1, 0, 212653, 'Improved Blink', 'spell_arcane_massdispel.jpg'),
  ('Mage', 'Frost', '', 'class', 102, 6, 8, 1, 0, 1270865, 'Improved Counterspell', 'inv_1115_mage_counterspell.jpg'),
  ('Mage', 'Frost', '', 'class', 104, 6, 10, 1, 0, 390218, 'Overflowing Energy', 'spell_arcane_manatap.jpg'),
  ('Mage', 'Frost', '', 'class', 106, 6, 12, 1, 0, 1270847, 'Improved Remove Curse', 'spell_nature_removecurse.jpg'),
  ('Mage', 'Frost', '', 'class', 108, 6, 14, 1, 0, 110959, 'Greater Invisibility', 'ability_mage_greaterinvisibility.jpg'),
  ('Mage', 'Frost', '', 'class', 117, 7, 4, 1, 0, 343183, 'Ice Ward', 'spell_frost_frostnova.jpg'),
  ('Mage', 'Frost', '', 'class', 119, 7, 6, 1, 0, 1270872, 'Captured Thoughts', 'spell_nature_elementalabsorption.jpg'),
  ('Mage', 'Frost', '', 'class', 121, 7, 8, 1, 0, 382493, 'Tome of Rhonin', 'inv_misc_book_04.jpg'),
  ('Mage', 'Frost', '', 'class', 125, 7, 12, 1, 0, 382490, 'Tome of Antonidas', 'inv_misc_book_18.jpg'),
  ('Mage', 'Frost', '', 'class', 127, 7, 14, 2, 0, 382293, 'Incantation of Swiftness', 'rogue_burstofspeed.jpg'),
  ('Mage', 'Frost', '', 'class', 129, 7, 16, 1, 0, 210476, 'Master of Escape', 'ability_mage_invisibility.jpg'),
  ('Mage', 'Frost', '', 'class', 138, 8, 6, 1, 0, 1244105, 'Charm of Aegwynn', 'inv_nerubian_necklace_02_color5.jpg'),
  ('Mage', 'Frost', '', 'class', 140, 8, 8, 1, 0, 461261, 'Brainstorm', 'ability_kaztik_dominatemind.jpg'),
  ('Mage', 'Frost', '', 'class', 142, 8, 10, 1, 0, 382268, 'Flow of Time', 'spell_arcane_blink.jpg'),
  ('Mage', 'Frost', '', 'class', 144, 8, 12, 1, 0, 1270845, 'Mana Confluence', 'spell_shaman_blessingoftheeternals.jpg'),
  ('Mage', 'Frost', '', 'class', 146, 8, 14, 1, 0, 1244107, 'Charm of Medivh', 'inv_nerubian_necklace_02_color1.jpg'),
  ('Mage', 'Frost', '', 'class', 155, 9, 4, 1, 0, 1265517, 'Permafrost Bauble', 'inv_10_dungeonjewelry_primalist_necklace_2_frost.jpg'),
  ('Mage', 'Frost', '', 'class', 157, 9, 6, 1, 0, 386763, 'Ice Nova', 'spell_frost_glacier.jpg'),
  ('Mage', 'Frost', '', 'class', 159, 9, 8, 1, 0, 387807, 'Time Manipulation', 'spell_nature_timestop.jpg'),
  ('Mage', 'Frost', '', 'class', 161, 9, 10, 1, 0, 113724, 'Mass Polymorph', 'spell_frost_ring-of-frost.jpg'),
  ('Mage', 'Frost', '', 'class', 163, 9, 12, 1, 0, 386828, 'Energized Barriers', 'spell_mage_temporalshield.jpg'),
  ('Mage', 'Frost', '', 'class', 165, 9, 14, 1, 0, 414664, 'Mass Invisibility', 'ability_mage_massinvisibility.jpg'),
  ('Mage', 'Frost', '', 'class', 167, 9, 16, 1, 0, 455428, 'Barrier Diffusion', 'spell_mage_evanesce.jpg'),
  ('Mage', 'Frost', '', 'class', 176, 10, 6, 1, 0, 414659, 'Ice Cold', 'spell_fire_bluefire.jpg'),
  ('Mage', 'Frost', '', 'class', 180, 10, 10, 1, 0, 1244031, 'Reflection', 'spell_mage_overpowered.jpg'),
  ('Mage', 'Frost', '', 'class', 184, 10, 14, 1, 0, 1244069, 'Improved Ice Barrier', 'spell_ice_lament.jpg'),
  ('Mage', 'Frost', '', 'spec', 9, 1, 10, 1, 0, 30455, 'Ice Lance', 'spell_frost_frostblast.jpg'),
  ('Mage', 'Frost', '', 'spec', 26, 2, 8, 1, 0, 190356, 'Blizzard', 'spell_frost_icestorm.jpg'),
  ('Mage', 'Frost', '', 'spec', 30, 2, 12, 1, 0, 112965, 'Fingers of Frost', 'ability_mage_wintersgrasp.jpg'),
  ('Mage', 'Frost', '', 'spec', 45, 3, 8, 1, 0, 1248825, 'Frostbite', 'spell_frost_frostarmor.jpg'),
  ('Mage', 'Frost', '', 'spec', 49, 3, 12, 1, 0, 1246832, 'Icicles', 'ability_mage_glacialspike.jpg'),
  ('Mage', 'Frost', '', 'spec', 62, 4, 6, 1, 0, 44614, 'Flurry', 'ability_deathknight_chillstreak.jpg'),
  ('Mage', 'Frost', '', 'spec', 66, 4, 10, 1, 0, 235219, 'Glacial Bulwark', 'spell_frost_wizardmark.jpg'),
  ('Mage', 'Frost', '', 'spec', 70, 4, 14, 1, 0, 84714, 'Frozen Orb', 'spell_frost_frozenorb.jpg'),
  ('Mage', 'Frost', '', 'spec', 79, 5, 4, 1, 0, 190447, 'Brain Freeze', 'ability_mage_brainfreeze.jpg'),
  ('Mage', 'Frost', '', 'spec', 83, 5, 8, 1, 0, 378919, 'Piercing Cold', 'spell_frost_frostbolt.jpg'),
  ('Mage', 'Frost', '', 'spec', 85, 5, 10, 1, 0, 205021, 'Ray of Frost', 'ability_mage_rayoffrost.jpg'),
  ('Mage', 'Frost', '', 'spec', 87, 5, 12, 1, 0, 385167, 'Everlasting Frost', 'spell_frost_chillingbolt.jpg'),
  ('Mage', 'Frost', '', 'spec', 91, 5, 16, 1, 0, 460590, 'Permafrost Lances', 'spell_fire_bluerainoffire.jpg'),
  ('Mage', 'Frost', '', 'spec', 98, 6, 4, 1, 0, 205030, 'Frozen Touch', 'ability_mage_burstofcold.jpg'),
  ('Mage', 'Frost', '', 'spec', 100, 6, 6, 1, 0, 56377, 'Splitting Ice', 'spell_frost_ice-shards.jpg'),
  ('Mage', 'Frost', '', 'spec', 102, 6, 8, 1, 0, 379993, 'Flash Freeze', 'spell_hunter_icetrap.jpg'),
  ('Mage', 'Frost', '', 'spec', 104, 6, 10, 1, 0, 418733, 'Frigid Focus', 'spell_fire_blueflamestrike.jpg'),
  ('Mage', 'Frost', '', 'spec', 106, 6, 12, 1, 0, 417489, 'Winter''s Blessing', 'spell_frost_wisp.jpg'),
  ('Mage', 'Frost', '', 'spec', 108, 6, 14, 1, 0, 270233, 'Freezing Rain', 'spell_frost_frozenorb.jpg'),
  ('Mage', 'Frost', '', 'spec', 110, 6, 16, 1, 0, 1247090, 'Cone of Frost', 'ability_mage_chilledtothebone.jpg'),
  ('Mage', 'Frost', '', 'spec', 119, 7, 6, 1, 0, 378448, 'Fractured Frost', 'spell_fire_frostresistancetotem.jpg'),
  ('Mage', 'Frost', '', 'spec', 121, 7, 8, 1, 0, 1246811, 'Improved Shatter', 'spell_frost_frostshock.jpg'),
  ('Mage', 'Frost', '', 'spec', 125, 7, 12, 1, 0, 1247025, 'Deep Shatter', 'inv_misc_frostemblem_01.jpg'),
  ('Mage', 'Frost', '', 'spec', 127, 7, 14, 1, 0, 378406, 'White Out', 'ability_deathknight_frozencenter.jpg'),
  ('Mage', 'Frost', '', 'spec', 138, 8, 6, 2, 0, 1247759, 'Glacial Attunement', 'ability_hunter_glacialtrap.jpg'),
  ('Mage', 'Frost', '', 'spec', 142, 8, 10, 1, 0, 1247799, 'Heart of Ice', 'inv_10_dungeonjewelry_primalist_necklace_1_frost.jpg'),
  ('Mage', 'Frost', '', 'spec', 146, 8, 14, 2, 0, 1247743, 'Rimecaster', 'spell_frost_manarecharge.jpg'),
  ('Mage', 'Frost', '', 'spec', 155, 9, 4, 1, 0, 1216953, 'Freezing Winds', 'spell_fire_blueflamering.jpg'),
  ('Mage', 'Frost', '', 'spec', 157, 9, 6, 1, 0, 1247769, 'Improved Flurry', 'ability_warlock_burningembersblue.jpg'),
  ('Mage', 'Frost', '', 'spec', 159, 9, 8, 1, 0, 378947, 'Glacial Assault', 'inv_staff_15.jpg'),
  ('Mage', 'Frost', '', 'spec', 161, 9, 10, 1, 0, 1247544, 'Crystalline Refraction', 'inv_10_enchanting_crystal_color3.jpg'),
  ('Mage', 'Frost', '', 'spec', 163, 9, 12, 1, 0, 31687, 'Lonely Winter', 'spell_frost_summonwaterelemental_2.jpg'),
  ('Mage', 'Frost', '', 'spec', 165, 9, 14, 1, 0, 1280779, 'Glacial Shatter', 'spell_frost_iceshard.jpg'),
  ('Mage', 'Frost', '', 'spec', 167, 9, 16, 1, 0, 1247742, 'Hailstones', 'artifactability_frostmage_blackicicles.jpg'),
  ('Mage', 'Frost', '', 'spec', 176, 10, 6, 1, 0, 1247729, 'Thermal Void', 'spell_mage_thermalvoid.jpg'),
  ('Mage', 'Frost', '', 'spec', 180, 10, 10, 1, 0, 1247798, 'Glaciate', 'spell_frost_frozencore.jpg'),
  ('Mage', 'Frost', '', 'spec', 184, 10, 14, 1, 0, 1247777, 'Comet Storm', 'spell_mage_cometstorm2.jpg'),
  ('Mage', 'Frost', '', 'spec', 199, 11, 10, 4, 0, 1262935, 'Hand of Frost', 'inv12_apextalent_mage_handoffrost.jpg'),
  ('Mage', 'Frost', 'Spellslinger', 'hero', 9, 1, 10, 1, 0, 443739, 'Splintering Sorcery', 'achievement_dungeon_arcanevaults.jpg'),
  ('Mage', 'Frost', 'Spellslinger', 'hero', 25, 2, 7, 1, 0, 1280165, 'Augury Abounds', 'spell_arcane_arcanepotency.jpg'),
  ('Mage', 'Frost', 'Spellslinger', 'hero', 27, 2, 9, 1, 0, 444719, 'Force of Will', 'spell_mage_overpowered.jpg'),
  ('Mage', 'Frost', 'Spellslinger', 'hero', 29, 2, 11, 1, 0, 444256, 'Splintering Orbs', 'item_azereansphere.jpg'),
  ('Mage', 'Frost', 'Spellslinger', 'hero', 31, 2, 13, 1, 0, 1261106, 'Shifting Shards', 'spell_frost_summonwaterelemental_2.jpg'),
  ('Mage', 'Frost', 'Spellslinger', 'hero', 44, 3, 7, 1, 0, 444752, 'Look Again', 'ability_mage_icyfeet.jpg'),
  ('Mage', 'Frost', 'Spellslinger', 'hero', 46, 3, 9, 1, 0, 444483, 'Controlled Instincts', 'spell_frost_ice-shards.jpg'),
  ('Mage', 'Frost', 'Spellslinger', 'hero', 48, 3, 11, 1, 0, 444827, 'Phantasmal Image', 'ability_racial_forceshield.jpg'),
  ('Mage', 'Frost', 'Spellslinger', 'hero', 50, 3, 13, 1, 0, 1261080, 'Infused Splinters', 'spell_mage_focusingcrystal.jpg'),
  ('Mage', 'Frost', 'Spellslinger', 'hero', 63, 4, 7, 1, 0, 444968, 'Archmage''s Wrath', 'spell_arcane_arcane03.jpg'),
  ('Mage', 'Frost', 'Spellslinger', 'hero', 65, 4, 9, 1, 0, 470021, 'Signature Spell', 'inv_enchanting_815_drustwand.jpg'),
  ('Mage', 'Frost', 'Spellslinger', 'hero', 67, 4, 11, 1, 0, 444986, 'Spellfrost Teachings', '70_inscription_vantus_rune_azure.jpg'),
  ('Mage', 'Frost', 'Spellslinger', 'hero', 69, 4, 13, 1, 0, 1261082, 'Polished Focus', 'inv_misc_orb_blue.jpg'),
  ('Mage', 'Frost', 'Spellslinger', 'hero', 85, 5, 10, 1, 0, 443783, 'Splinterstorm', 'ability_mage_burstofcold.jpg');

INSERT INTO `talent_tree_connections`
  (`class_name`, `spec_name`, `hero_name`, `tree_type`,
   `from_cell`, `to_cell`)
VALUES
  ('Mage', 'Frost', '', 'class', 9, 26),
  ('Mage', 'Frost', '', 'class', 9, 30),
  ('Mage', 'Frost', '', 'class', 26, 43),
  ('Mage', 'Frost', '', 'class', 26, 45),
  ('Mage', 'Frost', '', 'class', 30, 49),
  ('Mage', 'Frost', '', 'class', 30, 51),
  ('Mage', 'Frost', '', 'class', 43, 62),
  ('Mage', 'Frost', '', 'class', 45, 62),
  ('Mage', 'Frost', '', 'class', 45, 66),
  ('Mage', 'Frost', '', 'class', 49, 66),
  ('Mage', 'Frost', '', 'class', 49, 70),
  ('Mage', 'Frost', '', 'class', 51, 70),
  ('Mage', 'Frost', '', 'class', 62, 79),
  ('Mage', 'Frost', '', 'class', 62, 83),
  ('Mage', 'Frost', '', 'class', 66, 83),
  ('Mage', 'Frost', '', 'class', 66, 85),
  ('Mage', 'Frost', '', 'class', 66, 87),
  ('Mage', 'Frost', '', 'class', 70, 87),
  ('Mage', 'Frost', '', 'class', 70, 91),
  ('Mage', 'Frost', '', 'class', 79, 98),
  ('Mage', 'Frost', '', 'class', 79, 100),
  ('Mage', 'Frost', '', 'class', 83, 100),
  ('Mage', 'Frost', '', 'class', 83, 102),
  ('Mage', 'Frost', '', 'class', 83, 104),
  ('Mage', 'Frost', '', 'class', 85, 104),
  ('Mage', 'Frost', '', 'class', 87, 104),
  ('Mage', 'Frost', '', 'class', 87, 106),
  ('Mage', 'Frost', '', 'class', 87, 108),
  ('Mage', 'Frost', '', 'class', 91, 108),
  ('Mage', 'Frost', '', 'class', 98, 117),
  ('Mage', 'Frost', '', 'class', 100, 117),
  ('Mage', 'Frost', '', 'class', 100, 119),
  ('Mage', 'Frost', '', 'class', 100, 121),
  ('Mage', 'Frost', '', 'class', 102, 121),
  ('Mage', 'Frost', '', 'class', 104, 121),
  ('Mage', 'Frost', '', 'class', 104, 125),
  ('Mage', 'Frost', '', 'class', 106, 125),
  ('Mage', 'Frost', '', 'class', 108, 125),
  ('Mage', 'Frost', '', 'class', 108, 127),
  ('Mage', 'Frost', '', 'class', 108, 129),
  ('Mage', 'Frost', '', 'class', 117, 138),
  ('Mage', 'Frost', '', 'class', 119, 138),
  ('Mage', 'Frost', '', 'class', 121, 138),
  ('Mage', 'Frost', '', 'class', 121, 140),
  ('Mage', 'Frost', '', 'class', 121, 142),
  ('Mage', 'Frost', '', 'class', 125, 142),
  ('Mage', 'Frost', '', 'class', 125, 144),
  ('Mage', 'Frost', '', 'class', 125, 146),
  ('Mage', 'Frost', '', 'class', 127, 146),
  ('Mage', 'Frost', '', 'class', 129, 146),
  ('Mage', 'Frost', '', 'class', 138, 155),
  ('Mage', 'Frost', '', 'class', 138, 157),
  ('Mage', 'Frost', '', 'class', 138, 159),
  ('Mage', 'Frost', '', 'class', 140, 159),
  ('Mage', 'Frost', '', 'class', 142, 159),
  ('Mage', 'Frost', '', 'class', 142, 161),
  ('Mage', 'Frost', '', 'class', 142, 163),
  ('Mage', 'Frost', '', 'class', 144, 163),
  ('Mage', 'Frost', '', 'class', 146, 163),
  ('Mage', 'Frost', '', 'class', 146, 165),
  ('Mage', 'Frost', '', 'class', 146, 167),
  ('Mage', 'Frost', '', 'class', 155, 176),
  ('Mage', 'Frost', '', 'class', 157, 176),
  ('Mage', 'Frost', '', 'class', 159, 176),
  ('Mage', 'Frost', '', 'class', 159, 180),
  ('Mage', 'Frost', '', 'class', 161, 180),
  ('Mage', 'Frost', '', 'class', 163, 180),
  ('Mage', 'Frost', '', 'class', 163, 184),
  ('Mage', 'Frost', '', 'class', 165, 184),
  ('Mage', 'Frost', '', 'class', 167, 184),
  ('Mage', 'Frost', '', 'spec', 9, 26),
  ('Mage', 'Frost', '', 'spec', 9, 30),
  ('Mage', 'Frost', '', 'spec', 26, 45),
  ('Mage', 'Frost', '', 'spec', 30, 49),
  ('Mage', 'Frost', '', 'spec', 45, 62),
  ('Mage', 'Frost', '', 'spec', 45, 66),
  ('Mage', 'Frost', '', 'spec', 49, 66),
  ('Mage', 'Frost', '', 'spec', 49, 70),
  ('Mage', 'Frost', '', 'spec', 62, 79),
  ('Mage', 'Frost', '', 'spec', 62, 83),
  ('Mage', 'Frost', '', 'spec', 66, 85),
  ('Mage', 'Frost', '', 'spec', 70, 87),
  ('Mage', 'Frost', '', 'spec', 70, 91),
  ('Mage', 'Frost', '', 'spec', 79, 98),
  ('Mage', 'Frost', '', 'spec', 79, 100),
  ('Mage', 'Frost', '', 'spec', 83, 100),
  ('Mage', 'Frost', '', 'spec', 83, 102),
  ('Mage', 'Frost', '', 'spec', 85, 102),
  ('Mage', 'Frost', '', 'spec', 85, 104),
  ('Mage', 'Frost', '', 'spec', 85, 106),
  ('Mage', 'Frost', '', 'spec', 87, 106),
  ('Mage', 'Frost', '', 'spec', 87, 108),
  ('Mage', 'Frost', '', 'spec', 91, 108),
  ('Mage', 'Frost', '', 'spec', 91, 110),
  ('Mage', 'Frost', '', 'spec', 98, 119),
  ('Mage', 'Frost', '', 'spec', 100, 119),
  ('Mage', 'Frost', '', 'spec', 102, 119),
  ('Mage', 'Frost', '', 'spec', 102, 121),
  ('Mage', 'Frost', '', 'spec', 104, 121),
  ('Mage', 'Frost', '', 'spec', 104, 125),
  ('Mage', 'Frost', '', 'spec', 106, 125),
  ('Mage', 'Frost', '', 'spec', 106, 127),
  ('Mage', 'Frost', '', 'spec', 108, 127),
  ('Mage', 'Frost', '', 'spec', 110, 127),
  ('Mage', 'Frost', '', 'spec', 119, 138),
  ('Mage', 'Frost', '', 'spec', 121, 138),
  ('Mage', 'Frost', '', 'spec', 121, 142),
  ('Mage', 'Frost', '', 'spec', 125, 142),
  ('Mage', 'Frost', '', 'spec', 125, 146),
  ('Mage', 'Frost', '', 'spec', 127, 146),
  ('Mage', 'Frost', '', 'spec', 138, 155),
  ('Mage', 'Frost', '', 'spec', 138, 157),
  ('Mage', 'Frost', '', 'spec', 138, 159),
  ('Mage', 'Frost', '', 'spec', 142, 159),
  ('Mage', 'Frost', '', 'spec', 142, 161),
  ('Mage', 'Frost', '', 'spec', 142, 163),
  ('Mage', 'Frost', '', 'spec', 146, 163),
  ('Mage', 'Frost', '', 'spec', 146, 165),
  ('Mage', 'Frost', '', 'spec', 146, 167),
  ('Mage', 'Frost', '', 'spec', 155, 176),
  ('Mage', 'Frost', '', 'spec', 157, 176),
  ('Mage', 'Frost', '', 'spec', 159, 180),
  ('Mage', 'Frost', '', 'spec', 161, 180),
  ('Mage', 'Frost', '', 'spec', 163, 180),
  ('Mage', 'Frost', '', 'spec', 165, 184),
  ('Mage', 'Frost', '', 'spec', 167, 184),
  ('Mage', 'Frost', 'Spellslinger', 'hero', 9, 25),
  ('Mage', 'Frost', 'Spellslinger', 'hero', 9, 27),
  ('Mage', 'Frost', 'Spellslinger', 'hero', 9, 29),
  ('Mage', 'Frost', 'Spellslinger', 'hero', 9, 31),
  ('Mage', 'Frost', 'Spellslinger', 'hero', 25, 44),
  ('Mage', 'Frost', 'Spellslinger', 'hero', 27, 46),
  ('Mage', 'Frost', 'Spellslinger', 'hero', 29, 48),
  ('Mage', 'Frost', 'Spellslinger', 'hero', 31, 50),
  ('Mage', 'Frost', 'Spellslinger', 'hero', 44, 63),
  ('Mage', 'Frost', 'Spellslinger', 'hero', 46, 65),
  ('Mage', 'Frost', 'Spellslinger', 'hero', 48, 67),
  ('Mage', 'Frost', 'Spellslinger', 'hero', 50, 69),
  ('Mage', 'Frost', 'Spellslinger', 'hero', 63, 85),
  ('Mage', 'Frost', 'Spellslinger', 'hero', 65, 85),
  ('Mage', 'Frost', 'Spellslinger', 'hero', 67, 85),
  ('Mage', 'Frost', 'Spellslinger', 'hero', 69, 85);

INSERT INTO `talent_spells`
  (`spell_id`, `spell_name`, `class_name`, `spec_name`, `hero_name`,
   `tree_type`, `status`, `notes`)
VALUES
  (11426, 'Ice Barrier', 'Mage', 'Frost', '', 'class', 'nyi', NULL),
  (342245, 'Alter Time', 'Mage', 'Frost', '', 'class', 'nyi', NULL),
  (45438, 'Ice Block', 'Mage', 'Frost', '', 'class', 'nyi', NULL),
  (1244087, 'Temporal Realignment', 'Mage', 'Frost', '', 'class', 'nyi', NULL),
  (1244090, 'Temporal Realignment', 'Mage', 'Frost', '', 'class', 'nyi', NULL),
  (342249, 'Master of Time', 'Mage', 'Frost', '', 'class', 'nyi', NULL),
  (382424, 'Winter''s Protection', 'Mage', 'Frost', '', 'class', 'nyi', NULL),
  (1250315, 'Frost Conditioning', 'Mage', 'Frost', '', 'class', 'nyi', NULL),
  (383092, 'Arcane Warding', 'Mage', 'Frost', '', 'class', 'nyi', NULL),
  (458437, 'Inspired Intellect', 'Mage', 'Frost', '', 'class', 'nyi', NULL),
  (55342, 'Mirror Image', 'Mage', 'Frost', '', 'class', 'nyi', NULL),
  (30449, 'Spellsteal', 'Mage', 'Frost', '', 'class', 'nyi', NULL),
  (382297, 'Quick Witted', 'Mage', 'Frost', '', 'class', 'nyi', NULL),
  (31661, 'Supernova', 'Mage', 'Frost', '', 'class', 'nyi', NULL),
  (157980, 'Supernova', 'Mage', 'Frost', '', 'class', 'nyi', NULL),
  (475, 'Remove Curse', 'Mage', 'Frost', '', 'class', 'nyi', NULL),
  (1244025, 'Improved Conjuration', 'Mage', 'Frost', '', 'class', 'nyi', NULL),
  (1270827, 'Improved Spellsteal', 'Mage', 'Frost', '', 'class', 'nyi', NULL),
  (212653, 'Improved Blink', 'Mage', 'Frost', '', 'class', 'nyi', NULL),
  (1244340, 'Improved Blink', 'Mage', 'Frost', '', 'class', 'nyi', NULL),
  (1270865, 'Improved Counterspell', 'Mage', 'Frost', '', 'class', 'nyi', NULL),
  (390218, 'Overflowing Energy', 'Mage', 'Frost', '', 'class', 'nyi', NULL),
  (1270847, 'Improved Remove Curse', 'Mage', 'Frost', '', 'class', 'nyi', NULL),
  (110959, 'Greater Invisibility', 'Mage', 'Frost', '', 'class', 'nyi', NULL),
  (343183, 'Ice Ward', 'Mage', 'Frost', '', 'class', 'nyi', NULL),
  (205036, 'Ice Ward', 'Mage', 'Frost', '', 'class', 'nyi', NULL),
  (1270872, 'Captured Thoughts', 'Mage', 'Frost', '', 'class', 'nyi', NULL),
  (382493, 'Tome of Rhonin', 'Mage', 'Frost', '', 'class', 'nyi', NULL),
  (382490, 'Tome of Antonidas', 'Mage', 'Frost', '', 'class', 'nyi', NULL),
  (382293, 'Incantation of Swiftness', 'Mage', 'Frost', '', 'class', 'nyi', NULL),
  (210476, 'Master of Escape', 'Mage', 'Frost', '', 'class', 'nyi', NULL),
  (1244105, 'Charm of Aegwynn', 'Mage', 'Frost', '', 'class', 'nyi', NULL),
  (461261, 'Brainstorm', 'Mage', 'Frost', '', 'class', 'nyi', NULL),
  (382268, 'Flow of Time', 'Mage', 'Frost', '', 'class', 'nyi', NULL),
  (1270845, 'Mana Confluence', 'Mage', 'Frost', '', 'class', 'nyi', NULL),
  (1244107, 'Charm of Medivh', 'Mage', 'Frost', '', 'class', 'nyi', NULL),
  (1265517, 'Permafrost Bauble', 'Mage', 'Frost', '', 'class', 'nyi', NULL),
  (386763, 'Ice Nova', 'Mage', 'Frost', '', 'class', 'nyi', NULL),
  (157997, 'Ice Nova', 'Mage', 'Frost', '', 'class', 'nyi', NULL),
  (387807, 'Time Manipulation', 'Mage', 'Frost', '', 'class', 'nyi', NULL),
  (113724, 'Mass Polymorph', 'Mage', 'Frost', '', 'class', 'nyi', NULL),
  (383121, 'Mass Polymorph', 'Mage', 'Frost', '', 'class', 'nyi', NULL),
  (386828, 'Energized Barriers', 'Mage', 'Frost', '', 'class', 'nyi', NULL),
  (414664, 'Mass Invisibility', 'Mage', 'Frost', '', 'class', 'nyi', NULL),
  (455428, 'Barrier Diffusion', 'Mage', 'Frost', '', 'class', 'nyi', NULL),
  (414659, 'Ice Cold', 'Mage', 'Frost', '', 'class', 'nyi', NULL),
  (1244031, 'Reflection', 'Mage', 'Frost', '', 'class', 'nyi', NULL),
  (1270829, 'Reflection', 'Mage', 'Frost', '', 'class', 'nyi', NULL),
  (1244069, 'Improved Ice Barrier', 'Mage', 'Frost', '', 'class', 'nyi', NULL),
  (30455, 'Ice Lance', 'Mage', 'Frost', '', 'spec', 'nyi', NULL),
  (190356, 'Blizzard', 'Mage', 'Frost', '', 'spec', 'nyi', NULL),
  (1248829, 'Blizzard', 'Mage', 'Frost', '', 'spec', 'nyi', NULL),
  (112965, 'Fingers of Frost', 'Mage', 'Frost', '', 'spec', 'nyi', NULL),
  (1248825, 'Frostbite', 'Mage', 'Frost', '', 'spec', 'nyi', NULL),
  (1246832, 'Icicles', 'Mage', 'Frost', '', 'spec', 'nyi', NULL),
  (44614, 'Flurry', 'Mage', 'Frost', '', 'spec', 'nyi', NULL),
  (235219, 'Glacial Bulwark', 'Mage', 'Frost', '', 'spec', 'nyi', NULL),
  (1244110, 'Glacial Bulwark', 'Mage', 'Frost', '', 'spec', 'nyi', NULL),
  (84714, 'Frozen Orb', 'Mage', 'Frost', '', 'spec', 'nyi', NULL),
  (190447, 'Brain Freeze', 'Mage', 'Frost', '', 'spec', 'nyi', NULL),
  (378919, 'Piercing Cold', 'Mage', 'Frost', '', 'spec', 'nyi', NULL),
  (205021, 'Ray of Frost', 'Mage', 'Frost', '', 'spec', 'nyi', NULL),
  (385167, 'Everlasting Frost', 'Mage', 'Frost', '', 'spec', 'nyi', NULL),
  (460590, 'Permafrost Lances', 'Mage', 'Frost', '', 'spec', 'nyi', NULL),
  (205030, 'Frozen Touch', 'Mage', 'Frost', '', 'spec', 'nyi', NULL),
  (56377, 'Splitting Ice', 'Mage', 'Frost', '', 'spec', 'nyi', NULL),
  (379993, 'Flash Freeze', 'Mage', 'Frost', '', 'spec', 'nyi', NULL),
  (418733, 'Frigid Focus', 'Mage', 'Frost', '', 'spec', 'nyi', NULL),
  (1247055, 'Frigid Focus', 'Mage', 'Frost', '', 'spec', 'nyi', NULL),
  (417489, 'Winter''s Blessing', 'Mage', 'Frost', '', 'spec', 'nyi', NULL),
  (270233, 'Freezing Rain', 'Mage', 'Frost', '', 'spec', 'nyi', NULL),
  (1247090, 'Cone of Frost', 'Mage', 'Frost', '', 'spec', 'nyi', NULL),
  (378448, 'Fractured Frost', 'Mage', 'Frost', '', 'spec', 'nyi', NULL),
  (1246811, 'Improved Shatter', 'Mage', 'Frost', '', 'spec', 'nyi', NULL),
  (1247025, 'Deep Shatter', 'Mage', 'Frost', '', 'spec', 'nyi', NULL),
  (378406, 'White Out', 'Mage', 'Frost', '', 'spec', 'nyi', NULL),
  (1281638, 'White Out', 'Mage', 'Frost', '', 'spec', 'nyi', NULL),
  (1247759, 'Glacial Attunement', 'Mage', 'Frost', '', 'spec', 'nyi', NULL),
  (1247799, 'Heart of Ice', 'Mage', 'Frost', '', 'spec', 'nyi', NULL),
  (1247743, 'Rimecaster', 'Mage', 'Frost', '', 'spec', 'nyi', NULL),
  (1216953, 'Freezing Winds', 'Mage', 'Frost', '', 'spec', 'nyi', NULL),
  (1247769, 'Improved Flurry', 'Mage', 'Frost', '', 'spec', 'nyi', NULL),
  (378947, 'Glacial Assault', 'Mage', 'Frost', '', 'spec', 'nyi', NULL),
  (1247544, 'Crystalline Refraction', 'Mage', 'Frost', '', 'spec', 'nyi', NULL),
  (31687, 'Lonely Winter', 'Mage', 'Frost', '', 'spec', 'nyi', NULL),
  (205024, 'Lonely Winter', 'Mage', 'Frost', '', 'spec', 'nyi', NULL),
  (1280779, 'Glacial Shatter', 'Mage', 'Frost', '', 'spec', 'nyi', NULL),
  (1280780, 'Glacial Shatter', 'Mage', 'Frost', '', 'spec', 'nyi', NULL),
  (1247742, 'Hailstones', 'Mage', 'Frost', '', 'spec', 'nyi', NULL),
  (1247729, 'Thermal Void', 'Mage', 'Frost', '', 'spec', 'nyi', NULL),
  (1247798, 'Glaciate', 'Mage', 'Frost', '', 'spec', 'nyi', NULL),
  (1247777, 'Comet Storm', 'Mage', 'Frost', '', 'spec', 'nyi', NULL),
  (1262935, 'Hand of Frost', 'Mage', 'Frost', '', 'spec', 'nyi', NULL),
  (443739, 'Splintering Sorcery', 'Mage', 'Frost', 'Spellslinger', 'hero', 'nyi', NULL),
  (1280165, 'Augury Abounds', 'Mage', 'Frost', 'Spellslinger', 'hero', 'nyi', NULL),
  (444719, 'Force of Will', 'Mage', 'Frost', 'Spellslinger', 'hero', 'nyi', NULL),
  (444256, 'Splintering Orbs', 'Mage', 'Frost', 'Spellslinger', 'hero', 'nyi', NULL),
  (1261106, 'Shifting Shards', 'Mage', 'Frost', 'Spellslinger', 'hero', 'nyi', NULL),
  (444675, 'Shifting Shards', 'Mage', 'Frost', 'Spellslinger', 'hero', 'nyi', NULL),
  (444752, 'Look Again', 'Mage', 'Frost', 'Spellslinger', 'hero', 'nyi', NULL),
  (444756, 'Look Again', 'Mage', 'Frost', 'Spellslinger', 'hero', 'nyi', NULL),
  (444483, 'Controlled Instincts', 'Mage', 'Frost', 'Spellslinger', 'hero', 'nyi', NULL),
  (444827, 'Phantasmal Image', 'Mage', 'Frost', 'Spellslinger', 'hero', 'nyi', NULL),
  (444784, 'Phantasmal Image', 'Mage', 'Frost', 'Spellslinger', 'hero', 'nyi', NULL),
  (1261080, 'Infused Splinters', 'Mage', 'Frost', 'Spellslinger', 'hero', 'nyi', NULL),
  (444968, 'Archmage''s Wrath', 'Mage', 'Frost', 'Spellslinger', 'hero', 'nyi', NULL),
  (470021, 'Signature Spell', 'Mage', 'Frost', 'Spellslinger', 'hero', 'nyi', NULL),
  (444986, 'Spellfrost Teachings', 'Mage', 'Frost', 'Spellslinger', 'hero', 'nyi', NULL),
  (1261082, 'Polished Focus', 'Mage', 'Frost', 'Spellslinger', 'hero', 'nyi', NULL),
  (443783, 'Splinterstorm', 'Mage', 'Frost', 'Spellslinger', 'hero', 'nyi', NULL)
AS _new
ON DUPLICATE KEY UPDATE
  `spell_name` = _new.`spell_name`;

