-- Auto-generated by parse_raw.ps1 from raw_warrior_arms_slayer.txt -- do not edit by hand.

USE `spellhell_tracker`;

DELETE FROM `talent_tree_connections` WHERE `class_name`='Warrior' AND `spec_name`='Arms' AND (`hero_name`='' OR `hero_name`='Slayer');
DELETE FROM `talent_tree_nodes` WHERE `class_name`='Warrior' AND `spec_name`='Arms' AND (`hero_name`='' OR `hero_name`='Slayer');

INSERT INTO `talent_tree_nodes`
  (`class_name`, `spec_name`, `hero_name`, `tree_type`,
   `cell_id`, `row_pos`, `col_pos`, `max_rank`, `is_gate`,
   `spell_id`, `node_name`, `icon_name`)
VALUES
  ('Warrior', 'Arms', '', 'class', 5, 1, 6, 1, 0, 386164, 'Battle Stance', 'ability_warrior_offensivestance.jpg'),
  ('Warrior', 'Arms', '', 'class', 13, 1, 14, 1, 0, 386208, 'Defensive Stance', 'ability_warrior_defensivestance.jpg'),
  ('Warrior', 'Arms', '', 'class', 22, 2, 4, 1, 0, 382260, 'Fast Footwork', 'ability_hunter_posthaste.jpg'),
  ('Warrior', 'Arms', '', 'class', 26, 2, 8, 1, 0, 262231, 'War Machine', 'ability_hunter_rapidkilling.jpg'),
  ('Warrior', 'Arms', '', 'class', 30, 2, 12, 1, 0, 6343, 'Thunder Clap', 'spell_nature_thunderclap.jpg'),
  ('Warrior', 'Arms', '', 'class', 34, 2, 16, 1, 0, 382258, 'Leeching Strikes', 'inv_artifact_bloodoftheassassinated.jpg'),
  ('Warrior', 'Arms', '', 'class', 43, 3, 6, 1, 0, 202168, 'Impending Victory', 'spell_impending_victory.jpg'),
  ('Warrior', 'Arms', '', 'class', 47, 3, 10, 1, 0, 6544, 'Heroic Leap', 'ability_heroicleap.jpg'),
  ('Warrior', 'Arms', '', 'class', 49, 3, 12, 1, 0, 203201, 'Crackling Thunder', 'ability_thunderking_overcharge.jpg'),
  ('Warrior', 'Arms', '', 'class', 51, 3, 14, 1, 0, 107570, 'Storm Bolt', 'warrior_talent_icon_stormbolt.jpg'),
  ('Warrior', 'Arms', '', 'class', 60, 4, 4, 1, 0, 772, 'Rend', 'ability_gouge.jpg'),
  ('Warrior', 'Arms', '', 'class', 62, 4, 6, 1, 0, 29838, 'Second Wind', 'ability_hunter_harass.jpg'),
  ('Warrior', 'Arms', '', 'class', 64, 4, 8, 1, 0, 392792, 'Frothing Berserker', 'warrior_talent_icon_furyintheblood.jpg'),
  ('Warrior', 'Arms', '', 'class', 66, 4, 10, 1, 0, 202163, 'Bounding Stride', 'ability_heroicleap.jpg'),
  ('Warrior', 'Arms', '', 'class', 68, 4, 12, 1, 0, 382549, 'Pain and Gain', 'spell_holy_painsupression.jpg'),
  ('Warrior', 'Arms', '', 'class', 72, 4, 16, 1, 0, 3411, 'Interpose', 'ability_warrior_victoryrush.jpg'),
  ('Warrior', 'Arms', '', 'class', 81, 5, 6, 1, 0, 46968, 'Shockwave', 'ability_warrior_shockwave.jpg'),
  ('Warrior', 'Arms', '', 'class', 83, 5, 8, 1, 0, 382767, 'Overwhelming Rage', 'racial_orc_berserkerstrength.jpg'),
  ('Warrior', 'Arms', '', 'class', 85, 5, 10, 1, 0, 97462, 'Rallying Cry', 'ability_warrior_rallyingcry.jpg'),
  ('Warrior', 'Arms', '', 'class', 87, 5, 12, 1, 0, 1271926, 'Field Dressing', 'inv_misc_bandage_08.jpg'),
  ('Warrior', 'Arms', '', 'class', 89, 5, 14, 1, 0, 23920, 'Spell Reflection', 'ability_warrior_shieldreflection.jpg'),
  ('Warrior', 'Arms', '', 'class', 98, 6, 4, 1, 0, 384110, 'Shattering Throw', 'warrior_talent_icon_mastercleaver.jpg'),
  ('Warrior', 'Arms', '', 'class', 100, 6, 6, 1, 0, 275339, 'Rumbling Earth', 'spell_shaman_earthquake.jpg'),
  ('Warrior', 'Arms', '', 'class', 102, 6, 8, 1, 0, 384100, 'Fearless', 'spell_nature_ancestralguardian.jpg'),
  ('Warrior', 'Arms', '', 'class', 106, 6, 12, 1, 0, 5246, 'Piercing Howl', 'ability_golemthunderclap.jpg'),
  ('Warrior', 'Arms', '', 'class', 110, 6, 16, 1, 0, 391271, 'Honed Reflexes', 'spell_holy_borrowedtime.jpg'),
  ('Warrior', 'Arms', '', 'class', 119, 7, 6, 2, 0, 384124, 'Armored to the Teeth', 'inv_shoulder_22.jpg'),
  ('Warrior', 'Arms', '', 'class', 123, 7, 10, 1, 0, 103827, 'Double Time', 'inv_misc_horn_04.jpg'),
  ('Warrior', 'Arms', '', 'class', 127, 7, 14, 2, 0, 382939, 'Reinforced Plates', 'inv_chest_plate04.jpg'),
  ('Warrior', 'Arms', '', 'class', 136, 8, 4, 1, 0, 383082, 'Barbaric Training', 'ability_garrosh_whirling_corruption.jpg'),
  ('Warrior', 'Arms', '', 'class', 140, 8, 8, 1, 0, 1271948, 'Javelineer', 'inv_spear_01.jpg'),
  ('Warrior', 'Arms', '', 'class', 144, 8, 12, 1, 0, 1243660, 'Resonant Voice', 'warrior_disruptingshout.jpg'),
  ('Warrior', 'Arms', '', 'class', 148, 8, 16, 1, 0, 382764, 'Crushing Force', 'spell_shadow_unholystrength.jpg'),
  ('Warrior', 'Arms', '', 'class', 157, 9, 6, 2, 0, 392777, 'Cruel Strikes', 'ability_criticalstrike.jpg'),
  ('Warrior', 'Arms', '', 'class', 161, 9, 10, 2, 0, 382896, 'Two-Handed Weapon Specialization', 'inv_axe_09.jpg'),
  ('Warrior', 'Arms', '', 'class', 165, 9, 14, 2, 0, 382946, 'Wild Strikes', 'ability_rogue_sprint.jpg'),
  ('Warrior', 'Arms', '', 'class', 174, 10, 4, 1, 0, 152278, 'Anger Management', 'warrior_talent_icon_angermanagement.jpg'),
  ('Warrior', 'Arms', '', 'class', 178, 10, 8, 1, 0, 376079, 'Champion''s Spear', 'inv_ability_warrior_championsspear.jpg'),
  ('Warrior', 'Arms', '', 'class', 182, 10, 12, 1, 0, 1280961, 'Stance Mastery', 'crest_warrior.jpg'),
  ('Warrior', 'Arms', '', 'class', 186, 10, 16, 1, 0, 424742, 'Battlefield Commander', 'ability_warrior_commandingshout.jpg'),
  ('Warrior', 'Arms', '', 'spec', 9, 1, 10, 1, 0, 12294, 'Mortal Strike', 'ability_warrior_savageblow.jpg'),
  ('Warrior', 'Arms', '', 'spec', 26, 2, 8, 1, 0, 7384, 'Overpower', 'ability_meleedamage.jpg'),
  ('Warrior', 'Arms', '', 'spec', 30, 2, 12, 1, 0, 29725, 'Sudden Death', 'ability_warrior_improveddisciplines.jpg'),
  ('Warrior', 'Arms', '', 'spec', 45, 3, 8, 1, 0, 383103, 'Ignore Pain', 'ability_demonhunter_bloodlet.jpg'),
  ('Warrior', 'Arms', '', 'spec', 49, 3, 12, 1, 0, 118038, 'Die by the Sword', 'ability_warrior_challange.jpg'),
  ('Warrior', 'Arms', '', 'spec', 62, 4, 6, 1, 0, 384361, 'Bloodsurge', 'ability_warrior_bloodsurge.jpg'),
  ('Warrior', 'Arms', '', 'spec', 64, 4, 8, 1, 0, 385571, 'Improved Overpower', 'ability_meleedamage.jpg'),
  ('Warrior', 'Arms', '', 'spec', 68, 4, 12, 1, 0, 316405, 'Improved Execute', 'inv_sword_48.jpg'),
  ('Warrior', 'Arms', '', 'spec', 70, 4, 14, 1, 0, 202316, 'Fervor of Battle', 'ability_rogue_waylay.jpg'),
  ('Warrior', 'Arms', '', 'spec', 81, 5, 6, 1, 0, 184783, 'Tactician', 'ability_warrior_unrelentingassault.jpg'),
  ('Warrior', 'Arms', '', 'spec', 85, 5, 10, 1, 0, 167105, 'Colossus Smash', 'inv_warbreaker.jpg'),
  ('Warrior', 'Arms', '', 'spec', 89, 5, 14, 1, 0, 383430, 'Impale', 'ability_searingarrow.jpg'),
  ('Warrior', 'Arms', '', 'spec', 98, 6, 4, 1, 0, 1261046, 'Efficiency', 'ability_smash.jpg'),
  ('Warrior', 'Arms', '', 'spec', 100, 6, 6, 1, 0, 400205, 'Overpowering Finish', 'ability_warrior_punishingblow.jpg'),
  ('Warrior', 'Arms', '', 'spec', 102, 6, 8, 2, 0, 400803, 'Strength of Arms', 'inv_gauntlets_26.jpg'),
  ('Warrior', 'Arms', '', 'spec', 104, 6, 10, 1, 0, 1261048, 'Broad Strokes', 'ability_warrior_endlessrage.jpg'),
  ('Warrior', 'Arms', '', 'spec', 106, 6, 12, 2, 0, 383341, 'Sharpened Blades', 'inv_sword_27.jpg'),
  ('Warrior', 'Arms', '', 'spec', 108, 6, 14, 1, 0, 845, 'Cleave', 'ability_warrior_cleave.jpg'),
  ('Warrior', 'Arms', '', 'spec', 110, 6, 16, 1, 0, 383155, 'Powerful Momentum', 'ability_rogue_slicedice.jpg'),
  ('Warrior', 'Arms', '', 'spec', 117, 7, 4, 1, 0, 1273062, 'Martial Prowess', 'warrior_talent_icon_igniteweapon.jpg'),
  ('Warrior', 'Arms', '', 'spec', 119, 7, 6, 1, 0, 262150, 'Dreadnaught', 'inv_sword_05.jpg'),
  ('Warrior', 'Arms', '', 'spec', 121, 7, 8, 1, 0, 1261060, 'Deep Wounds', 'ability_backstab.jpg'),
  ('Warrior', 'Arms', '', 'spec', 123, 7, 10, 1, 0, 1261051, 'Crushing Combo', 'inv12_ability_warrior_arms.jpg'),
  ('Warrior', 'Arms', '', 'spec', 125, 7, 12, 1, 0, 281001, 'Massacre', 'inv_axe_2h_orcwarrior_c_01.jpg'),
  ('Warrior', 'Arms', '', 'spec', 127, 7, 14, 1, 0, 1273075, 'Mass Execution', 'warrior_talent_icon_mastercleaver.jpg'),
  ('Warrior', 'Arms', '', 'spec', 129, 7, 16, 1, 0, 334779, 'Collateral Damage', 'ability_warrior_incite.jpg'),
  ('Warrior', 'Arms', '', 'spec', 138, 8, 6, 2, 0, 383287, 'Bloodborne', 'inv_artifact_bloodoftheassassinated.jpg'),
  ('Warrior', 'Arms', '', 'spec', 142, 8, 10, 1, 0, 227847, 'Ravager', 'ability_warrior_bladestorm.jpg'),
  ('Warrior', 'Arms', '', 'spec', 146, 8, 14, 2, 0, 389306, 'Critical Thinking', 'ability_criticalstrike.jpg'),
  ('Warrior', 'Arms', '', 'spec', 155, 9, 4, 1, 0, 386630, 'Battlelord', 'ability_pvp_hardiness.jpg'),
  ('Warrior', 'Arms', '', 'spec', 159, 9, 8, 1, 0, 383154, 'Bloodletting', 'ability_skeer_bloodletting.jpg'),
  ('Warrior', 'Arms', '', 'spec', 163, 9, 12, 1, 0, 386634, 'Executioner''s Precision', 'ability_revendreth_warrior.jpg'),
  ('Warrior', 'Arms', '', 'spec', 167, 9, 16, 1, 0, 383703, 'Fatality', 'achievement_bg_killingblow_berserker.jpg'),
  ('Warrior', 'Arms', '', 'spec', 176, 10, 6, 1, 0, 1261057, 'Master Tactician', 'ability_warrior_revenge.jpg'),
  ('Warrior', 'Arms', '', 'spec', 180, 10, 10, 1, 0, 1261062, 'Mortal Wounds', 'ability_warrior_bloodbath.jpg'),
  ('Warrior', 'Arms', '', 'spec', 184, 10, 14, 1, 0, 107574, 'Avatar', 'warrior_talent_icon_avatar.jpg'),
  ('Warrior', 'Arms', '', 'spec', 199, 11, 10, 4, 0, 1269314, 'Master of Warfare', 'inv12_apextalent_warrior_masterofwarfare.jpg'),
  ('Warrior', 'Arms', 'Slayer', 'hero', 9, 1, 10, 1, 0, 444767, 'Slayer''s Dominance', 'inv_ability_slayerwarrior_slayersdominance.jpg'),
  ('Warrior', 'Arms', 'Slayer', 'hero', 25, 2, 7, 1, 0, 444769, 'Imminent Demise', 'ability_warrior_improveddisciplines.jpg'),
  ('Warrior', 'Arms', 'Slayer', 'hero', 27, 2, 9, 1, 0, 444772, 'Overwhelming Blades', 'inv_10_specialization_blacksmithing_blades_color1.jpg'),
  ('Warrior', 'Arms', 'Slayer', 'hero', 29, 2, 11, 1, 0, 444776, 'Vicious Agility', 'ability_rogue_sprint.jpg'),
  ('Warrior', 'Arms', 'Slayer', 'hero', 31, 2, 13, 1, 0, 1270717, 'Violent Euphoria', 'ability_butcher_exsanguination.jpg'),
  ('Warrior', 'Arms', 'Slayer', 'hero', 44, 3, 7, 1, 0, 444770, 'Death Drive', 'ability_warrior_focusedrage.jpg'),
  ('Warrior', 'Arms', 'Slayer', 'hero', 46, 3, 9, 1, 0, 444778, 'Brutal Finish', 'ability_warrior_bladestorm.jpg'),
  ('Warrior', 'Arms', 'Slayer', 'hero', 48, 3, 11, 1, 0, 444773, 'Opportunist', 'spell_deathknight_butcher2.jpg'),
  ('Warrior', 'Arms', 'Slayer', 'hero', 50, 3, 13, 1, 0, 1270718, 'Deadly Focus', 'spell_hunter_focusingshot.jpg'),
  ('Warrior', 'Arms', 'Slayer', 'hero', 63, 4, 7, 1, 0, 444771, 'Show No Mercy', 'warrior_talent_icon_lambstotheslaughter.jpg'),
  ('Warrior', 'Arms', 'Slayer', 'hero', 65, 4, 9, 1, 0, 444775, 'Reap the Storm', 'ability_arakkoa_spinning_blade.jpg'),
  ('Warrior', 'Arms', 'Slayer', 'hero', 67, 4, 11, 1, 0, 444779, 'Slayer''s Malice', 'ability_warrior_revenge.jpg'),
  ('Warrior', 'Arms', 'Slayer', 'hero', 69, 4, 13, 1, 0, 386628, 'Unhinged', 'spell_shadow_spectralsight.jpg'),
  ('Warrior', 'Arms', 'Slayer', 'hero', 85, 5, 10, 1, 0, 444780, 'Unrelenting Onslaught', 'ability_warrior_commandingshout.jpg');

INSERT INTO `talent_tree_connections`
  (`class_name`, `spec_name`, `hero_name`, `tree_type`,
   `from_cell`, `to_cell`)
VALUES
  ('Warrior', 'Arms', '', 'class', 5, 22),
  ('Warrior', 'Arms', '', 'class', 5, 26),
  ('Warrior', 'Arms', '', 'class', 13, 30),
  ('Warrior', 'Arms', '', 'class', 13, 34),
  ('Warrior', 'Arms', '', 'class', 22, 43),
  ('Warrior', 'Arms', '', 'class', 26, 43),
  ('Warrior', 'Arms', '', 'class', 26, 47),
  ('Warrior', 'Arms', '', 'class', 30, 47),
  ('Warrior', 'Arms', '', 'class', 30, 49),
  ('Warrior', 'Arms', '', 'class', 30, 51),
  ('Warrior', 'Arms', '', 'class', 34, 51),
  ('Warrior', 'Arms', '', 'class', 22, 60),
  ('Warrior', 'Arms', '', 'class', 43, 60),
  ('Warrior', 'Arms', '', 'class', 43, 62),
  ('Warrior', 'Arms', '', 'class', 26, 64),
  ('Warrior', 'Arms', '', 'class', 43, 64),
  ('Warrior', 'Arms', '', 'class', 47, 64),
  ('Warrior', 'Arms', '', 'class', 47, 66),
  ('Warrior', 'Arms', '', 'class', 47, 68),
  ('Warrior', 'Arms', '', 'class', 51, 68),
  ('Warrior', 'Arms', '', 'class', 34, 72),
  ('Warrior', 'Arms', '', 'class', 51, 72),
  ('Warrior', 'Arms', '', 'class', 60, 81),
  ('Warrior', 'Arms', '', 'class', 64, 81),
  ('Warrior', 'Arms', '', 'class', 64, 83),
  ('Warrior', 'Arms', '', 'class', 64, 85),
  ('Warrior', 'Arms', '', 'class', 68, 85),
  ('Warrior', 'Arms', '', 'class', 68, 87),
  ('Warrior', 'Arms', '', 'class', 68, 89),
  ('Warrior', 'Arms', '', 'class', 72, 89),
  ('Warrior', 'Arms', '', 'class', 60, 98),
  ('Warrior', 'Arms', '', 'class', 81, 98),
  ('Warrior', 'Arms', '', 'class', 81, 100),
  ('Warrior', 'Arms', '', 'class', 81, 102),
  ('Warrior', 'Arms', '', 'class', 85, 102),
  ('Warrior', 'Arms', '', 'class', 85, 106),
  ('Warrior', 'Arms', '', 'class', 89, 106),
  ('Warrior', 'Arms', '', 'class', 72, 110),
  ('Warrior', 'Arms', '', 'class', 89, 110),
  ('Warrior', 'Arms', '', 'class', 98, 119),
  ('Warrior', 'Arms', '', 'class', 102, 119),
  ('Warrior', 'Arms', '', 'class', 102, 123),
  ('Warrior', 'Arms', '', 'class', 106, 123),
  ('Warrior', 'Arms', '', 'class', 106, 127),
  ('Warrior', 'Arms', '', 'class', 110, 127),
  ('Warrior', 'Arms', '', 'class', 119, 136),
  ('Warrior', 'Arms', '', 'class', 119, 140),
  ('Warrior', 'Arms', '', 'class', 123, 140),
  ('Warrior', 'Arms', '', 'class', 123, 144),
  ('Warrior', 'Arms', '', 'class', 127, 144),
  ('Warrior', 'Arms', '', 'class', 127, 148),
  ('Warrior', 'Arms', '', 'class', 136, 157),
  ('Warrior', 'Arms', '', 'class', 140, 157),
  ('Warrior', 'Arms', '', 'class', 140, 161),
  ('Warrior', 'Arms', '', 'class', 144, 161),
  ('Warrior', 'Arms', '', 'class', 144, 165),
  ('Warrior', 'Arms', '', 'class', 148, 165),
  ('Warrior', 'Arms', '', 'class', 157, 174),
  ('Warrior', 'Arms', '', 'class', 157, 178),
  ('Warrior', 'Arms', '', 'class', 161, 178),
  ('Warrior', 'Arms', '', 'class', 161, 182),
  ('Warrior', 'Arms', '', 'class', 165, 182),
  ('Warrior', 'Arms', '', 'class', 165, 186),
  ('Warrior', 'Arms', '', 'spec', 9, 26),
  ('Warrior', 'Arms', '', 'spec', 9, 30),
  ('Warrior', 'Arms', '', 'spec', 26, 45),
  ('Warrior', 'Arms', '', 'spec', 30, 49),
  ('Warrior', 'Arms', '', 'spec', 45, 62),
  ('Warrior', 'Arms', '', 'spec', 45, 64),
  ('Warrior', 'Arms', '', 'spec', 49, 68),
  ('Warrior', 'Arms', '', 'spec', 49, 70),
  ('Warrior', 'Arms', '', 'spec', 62, 81),
  ('Warrior', 'Arms', '', 'spec', 64, 81),
  ('Warrior', 'Arms', '', 'spec', 64, 85),
  ('Warrior', 'Arms', '', 'spec', 68, 85),
  ('Warrior', 'Arms', '', 'spec', 68, 89),
  ('Warrior', 'Arms', '', 'spec', 70, 89),
  ('Warrior', 'Arms', '', 'spec', 81, 98),
  ('Warrior', 'Arms', '', 'spec', 81, 100),
  ('Warrior', 'Arms', '', 'spec', 81, 102),
  ('Warrior', 'Arms', '', 'spec', 85, 102),
  ('Warrior', 'Arms', '', 'spec', 85, 104),
  ('Warrior', 'Arms', '', 'spec', 85, 106),
  ('Warrior', 'Arms', '', 'spec', 89, 106),
  ('Warrior', 'Arms', '', 'spec', 89, 108),
  ('Warrior', 'Arms', '', 'spec', 89, 110),
  ('Warrior', 'Arms', '', 'spec', 98, 117),
  ('Warrior', 'Arms', '', 'spec', 100, 117),
  ('Warrior', 'Arms', '', 'spec', 100, 119),
  ('Warrior', 'Arms', '', 'spec', 102, 119),
  ('Warrior', 'Arms', '', 'spec', 102, 121),
  ('Warrior', 'Arms', '', 'spec', 104, 123),
  ('Warrior', 'Arms', '', 'spec', 106, 125),
  ('Warrior', 'Arms', '', 'spec', 106, 127),
  ('Warrior', 'Arms', '', 'spec', 108, 127),
  ('Warrior', 'Arms', '', 'spec', 108, 129),
  ('Warrior', 'Arms', '', 'spec', 110, 129),
  ('Warrior', 'Arms', '', 'spec', 117, 138),
  ('Warrior', 'Arms', '', 'spec', 119, 138),
  ('Warrior', 'Arms', '', 'spec', 121, 138),
  ('Warrior', 'Arms', '', 'spec', 121, 142),
  ('Warrior', 'Arms', '', 'spec', 123, 142),
  ('Warrior', 'Arms', '', 'spec', 125, 142),
  ('Warrior', 'Arms', '', 'spec', 125, 146),
  ('Warrior', 'Arms', '', 'spec', 127, 146),
  ('Warrior', 'Arms', '', 'spec', 129, 146),
  ('Warrior', 'Arms', '', 'spec', 138, 155),
  ('Warrior', 'Arms', '', 'spec', 138, 159),
  ('Warrior', 'Arms', '', 'spec', 142, 159),
  ('Warrior', 'Arms', '', 'spec', 142, 163),
  ('Warrior', 'Arms', '', 'spec', 146, 163),
  ('Warrior', 'Arms', '', 'spec', 146, 167),
  ('Warrior', 'Arms', '', 'spec', 155, 176),
  ('Warrior', 'Arms', '', 'spec', 159, 176),
  ('Warrior', 'Arms', '', 'spec', 159, 180),
  ('Warrior', 'Arms', '', 'spec', 163, 180),
  ('Warrior', 'Arms', '', 'spec', 163, 184),
  ('Warrior', 'Arms', '', 'spec', 167, 184),
  ('Warrior', 'Arms', 'Slayer', 'hero', 9, 25),
  ('Warrior', 'Arms', 'Slayer', 'hero', 9, 27),
  ('Warrior', 'Arms', 'Slayer', 'hero', 9, 29),
  ('Warrior', 'Arms', 'Slayer', 'hero', 9, 31),
  ('Warrior', 'Arms', 'Slayer', 'hero', 25, 44),
  ('Warrior', 'Arms', 'Slayer', 'hero', 27, 46),
  ('Warrior', 'Arms', 'Slayer', 'hero', 29, 48),
  ('Warrior', 'Arms', 'Slayer', 'hero', 31, 50),
  ('Warrior', 'Arms', 'Slayer', 'hero', 44, 63),
  ('Warrior', 'Arms', 'Slayer', 'hero', 46, 65),
  ('Warrior', 'Arms', 'Slayer', 'hero', 48, 67),
  ('Warrior', 'Arms', 'Slayer', 'hero', 50, 69),
  ('Warrior', 'Arms', 'Slayer', 'hero', 63, 85),
  ('Warrior', 'Arms', 'Slayer', 'hero', 65, 85),
  ('Warrior', 'Arms', 'Slayer', 'hero', 67, 85),
  ('Warrior', 'Arms', 'Slayer', 'hero', 69, 85);

INSERT INTO `talent_spells`
  (`spell_id`, `spell_name`, `class_name`, `spec_name`, `hero_name`,
   `tree_type`, `status`, `notes`)
VALUES
  (386164, 'Battle Stance', 'Warrior', 'Arms', '', 'class', 'nyi', NULL),
  (386208, 'Defensive Stance', 'Warrior', 'Arms', '', 'class', 'nyi', NULL),
  (382260, 'Fast Footwork', 'Warrior', 'Arms', '', 'class', 'nyi', NULL),
  (262231, 'War Machine', 'Warrior', 'Arms', '', 'class', 'nyi', NULL),
  (6343, 'Thunder Clap', 'Warrior', 'Arms', '', 'class', 'nyi', NULL),
  (382258, 'Leeching Strikes', 'Warrior', 'Arms', '', 'class', 'nyi', NULL),
  (202168, 'Impending Victory', 'Warrior', 'Arms', '', 'class', 'nyi', NULL),
  (6544, 'Heroic Leap', 'Warrior', 'Arms', '', 'class', 'nyi', NULL),
  (203201, 'Crackling Thunder', 'Warrior', 'Arms', '', 'class', 'nyi', NULL),
  (107570, 'Storm Bolt', 'Warrior', 'Arms', '', 'class', 'nyi', NULL),
  (772, 'Rend', 'Warrior', 'Arms', '', 'class', 'nyi', NULL),
  (29838, 'Second Wind', 'Warrior', 'Arms', '', 'class', 'nyi', NULL),
  (392792, 'Frothing Berserker', 'Warrior', 'Arms', '', 'class', 'nyi', NULL),
  (202163, 'Bounding Stride', 'Warrior', 'Arms', '', 'class', 'nyi', NULL),
  (382549, 'Pain and Gain', 'Warrior', 'Arms', '', 'class', 'nyi', NULL),
  (3411, 'Interpose', 'Warrior', 'Arms', '', 'class', 'nyi', NULL),
  (1244088, 'Interpose', 'Warrior', 'Arms', '', 'class', 'nyi', NULL),
  (46968, 'Shockwave', 'Warrior', 'Arms', '', 'class', 'nyi', NULL),
  (382767, 'Overwhelming Rage', 'Warrior', 'Arms', '', 'class', 'nyi', NULL),
  (97462, 'Rallying Cry', 'Warrior', 'Arms', '', 'class', 'nyi', NULL),
  (1271926, 'Field Dressing', 'Warrior', 'Arms', '', 'class', 'nyi', NULL),
  (23920, 'Spell Reflection', 'Warrior', 'Arms', '', 'class', 'nyi', NULL),
  (384110, 'Shattering Throw', 'Warrior', 'Arms', '', 'class', 'nyi', NULL),
  (64382, 'Shattering Throw', 'Warrior', 'Arms', '', 'class', 'nyi', NULL),
  (275339, 'Rumbling Earth', 'Warrior', 'Arms', '', 'class', 'nyi', NULL),
  (384100, 'Fearless', 'Warrior', 'Arms', '', 'class', 'nyi', NULL),
  (1271925, 'Fearless', 'Warrior', 'Arms', '', 'class', 'nyi', NULL),
  (5246, 'Piercing Howl', 'Warrior', 'Arms', '', 'class', 'nyi', NULL),
  (12323, 'Piercing Howl', 'Warrior', 'Arms', '', 'class', 'nyi', NULL),
  (391271, 'Honed Reflexes', 'Warrior', 'Arms', '', 'class', 'nyi', NULL),
  (384124, 'Armored to the Teeth', 'Warrior', 'Arms', '', 'class', 'nyi', NULL),
  (103827, 'Double Time', 'Warrior', 'Arms', '', 'class', 'nyi', NULL),
  (382939, 'Reinforced Plates', 'Warrior', 'Arms', '', 'class', 'nyi', NULL),
  (383082, 'Barbaric Training', 'Warrior', 'Arms', '', 'class', 'nyi', NULL),
  (1271948, 'Javelineer', 'Warrior', 'Arms', '', 'class', 'nyi', NULL),
  (1243660, 'Resonant Voice', 'Warrior', 'Arms', '', 'class', 'nyi', NULL),
  (382764, 'Crushing Force', 'Warrior', 'Arms', '', 'class', 'nyi', NULL),
  (392777, 'Cruel Strikes', 'Warrior', 'Arms', '', 'class', 'nyi', NULL),
  (382896, 'Two-Handed Weapon Specialization', 'Warrior', 'Arms', '', 'class', 'nyi', NULL),
  (382946, 'Wild Strikes', 'Warrior', 'Arms', '', 'class', 'nyi', NULL),
  (152278, 'Anger Management', 'Warrior', 'Arms', '', 'class', 'nyi', NULL),
  (376079, 'Champion''s Spear', 'Warrior', 'Arms', '', 'class', 'nyi', NULL),
  (1280961, 'Stance Mastery', 'Warrior', 'Arms', '', 'class', 'nyi', NULL),
  (424742, 'Battlefield Commander', 'Warrior', 'Arms', '', 'class', 'nyi', NULL),
  (12294, 'Mortal Strike', 'Warrior', 'Arms', '', 'spec', 'nyi', NULL),
  (7384, 'Overpower', 'Warrior', 'Arms', '', 'spec', 'nyi', NULL),
  (29725, 'Sudden Death', 'Warrior', 'Arms', '', 'spec', 'nyi', NULL),
  (383103, 'Ignore Pain', 'Warrior', 'Arms', '', 'spec', 'nyi', NULL),
  (1277297, 'Ignore Pain', 'Warrior', 'Arms', '', 'spec', 'nyi', NULL),
  (118038, 'Die by the Sword', 'Warrior', 'Arms', '', 'spec', 'nyi', NULL),
  (384361, 'Bloodsurge', 'Warrior', 'Arms', '', 'spec', 'nyi', NULL),
  (385571, 'Improved Overpower', 'Warrior', 'Arms', '', 'spec', 'nyi', NULL),
  (316405, 'Improved Execute', 'Warrior', 'Arms', '', 'spec', 'nyi', NULL),
  (202316, 'Fervor of Battle', 'Warrior', 'Arms', '', 'spec', 'nyi', NULL),
  (184783, 'Tactician', 'Warrior', 'Arms', '', 'spec', 'nyi', NULL),
  (167105, 'Colossus Smash', 'Warrior', 'Arms', '', 'spec', 'nyi', NULL),
  (383430, 'Impale', 'Warrior', 'Arms', '', 'spec', 'nyi', NULL),
  (1261046, 'Efficiency', 'Warrior', 'Arms', '', 'spec', 'nyi', NULL),
  (1261047, 'Efficiency', 'Warrior', 'Arms', '', 'spec', 'nyi', NULL),
  (400205, 'Overpowering Finish', 'Warrior', 'Arms', '', 'spec', 'nyi', NULL),
  (400803, 'Strength of Arms', 'Warrior', 'Arms', '', 'spec', 'nyi', NULL),
  (1261048, 'Broad Strokes', 'Warrior', 'Arms', '', 'spec', 'nyi', NULL),
  (1261049, 'Broad Strokes', 'Warrior', 'Arms', '', 'spec', 'nyi', NULL),
  (383341, 'Sharpened Blades', 'Warrior', 'Arms', '', 'spec', 'nyi', NULL),
  (845, 'Cleave', 'Warrior', 'Arms', '', 'spec', 'nyi', NULL),
  (383155, 'Powerful Momentum', 'Warrior', 'Arms', '', 'spec', 'nyi', NULL),
  (1261050, 'Powerful Momentum', 'Warrior', 'Arms', '', 'spec', 'nyi', NULL),
  (1273062, 'Martial Prowess', 'Warrior', 'Arms', '', 'spec', 'nyi', NULL),
  (262150, 'Dreadnaught', 'Warrior', 'Arms', '', 'spec', 'nyi', NULL),
  (1261060, 'Deep Wounds', 'Warrior', 'Arms', '', 'spec', 'nyi', NULL),
  (1261051, 'Crushing Combo', 'Warrior', 'Arms', '', 'spec', 'nyi', NULL),
  (1261056, 'Crushing Combo', 'Warrior', 'Arms', '', 'spec', 'nyi', NULL),
  (281001, 'Massacre', 'Warrior', 'Arms', '', 'spec', 'nyi', NULL),
  (1273075, 'Mass Execution', 'Warrior', 'Arms', '', 'spec', 'nyi', NULL),
  (334779, 'Collateral Damage', 'Warrior', 'Arms', '', 'spec', 'nyi', NULL),
  (383287, 'Bloodborne', 'Warrior', 'Arms', '', 'spec', 'nyi', NULL),
  (227847, 'Ravager', 'Warrior', 'Arms', '', 'spec', 'nyi', NULL),
  (228920, 'Ravager', 'Warrior', 'Arms', '', 'spec', 'nyi', NULL),
  (389306, 'Critical Thinking', 'Warrior', 'Arms', '', 'spec', 'nyi', NULL),
  (386630, 'Battlelord', 'Warrior', 'Arms', '', 'spec', 'nyi', NULL),
  (383154, 'Bloodletting', 'Warrior', 'Arms', '', 'spec', 'nyi', NULL),
  (386634, 'Executioner''s Precision', 'Warrior', 'Arms', '', 'spec', 'nyi', NULL),
  (383703, 'Fatality', 'Warrior', 'Arms', '', 'spec', 'nyi', NULL),
  (1261057, 'Master Tactician', 'Warrior', 'Arms', '', 'spec', 'nyi', NULL),
  (1261062, 'Mortal Wounds', 'Warrior', 'Arms', '', 'spec', 'nyi', NULL),
  (107574, 'Avatar', 'Warrior', 'Arms', '', 'spec', 'nyi', NULL),
  (1269314, 'Master of Warfare', 'Warrior', 'Arms', '', 'spec', 'nyi', NULL),
  (444767, 'Slayer''s Dominance', 'Warrior', 'Arms', 'Slayer', 'hero', 'nyi', NULL),
  (444769, 'Imminent Demise', 'Warrior', 'Arms', 'Slayer', 'hero', 'nyi', NULL),
  (444772, 'Overwhelming Blades', 'Warrior', 'Arms', 'Slayer', 'hero', 'nyi', NULL),
  (444776, 'Vicious Agility', 'Warrior', 'Arms', 'Slayer', 'hero', 'nyi', NULL),
  (444777, 'Vicious Agility', 'Warrior', 'Arms', 'Slayer', 'hero', 'nyi', NULL),
  (1270717, 'Violent Euphoria', 'Warrior', 'Arms', 'Slayer', 'hero', 'nyi', NULL),
  (444770, 'Death Drive', 'Warrior', 'Arms', 'Slayer', 'hero', 'nyi', NULL),
  (444778, 'Brutal Finish', 'Warrior', 'Arms', 'Slayer', 'hero', 'nyi', NULL),
  (446085, 'Brutal Finish', 'Warrior', 'Arms', 'Slayer', 'hero', 'nyi', NULL),
  (444773, 'Opportunist', 'Warrior', 'Arms', 'Slayer', 'hero', 'nyi', NULL),
  (444774, 'Opportunist', 'Warrior', 'Arms', 'Slayer', 'hero', 'nyi', NULL),
  (1270718, 'Deadly Focus', 'Warrior', 'Arms', 'Slayer', 'hero', 'nyi', NULL),
  (444771, 'Show No Mercy', 'Warrior', 'Arms', 'Slayer', 'hero', 'nyi', NULL),
  (444775, 'Reap the Storm', 'Warrior', 'Arms', 'Slayer', 'hero', 'nyi', NULL),
  (444779, 'Slayer''s Malice', 'Warrior', 'Arms', 'Slayer', 'hero', 'nyi', NULL),
  (386628, 'Unhinged', 'Warrior', 'Arms', 'Slayer', 'hero', 'nyi', NULL),
  (444780, 'Unrelenting Onslaught', 'Warrior', 'Arms', 'Slayer', 'hero', 'nyi', NULL)
AS _new
ON DUPLICATE KEY UPDATE
  `spell_name` = _new.`spell_name`;

