-- Auto-generated by parse_raw.ps1 from raw_mage_fire_frostfire.txt -- do not edit by hand.

USE `spellhell_tracker`;

DELETE FROM `talent_tree_connections` WHERE `class_name`='Mage' AND `spec_name`='Fire' AND (`hero_name`='' OR `hero_name`='Frostfire');
DELETE FROM `talent_tree_nodes` WHERE `class_name`='Mage' AND `spec_name`='Fire' AND (`hero_name`='' OR `hero_name`='Frostfire');

INSERT INTO `talent_tree_nodes`
  (`class_name`, `spec_name`, `hero_name`, `tree_type`,
   `cell_id`, `row_pos`, `col_pos`, `max_rank`, `is_gate`,
   `spell_id`, `node_name`, `icon_name`)
VALUES
  ('Mage', 'Fire', '', 'class', 9, 1, 10, 1, 0, 235313, 'Blazing Barrier', 'ability_mage_moltenarmor.jpg'),
  ('Mage', 'Fire', '', 'class', 26, 2, 8, 1, 0, 342245, 'Alter Time', 'spell_mage_altertime.jpg'),
  ('Mage', 'Fire', '', 'class', 30, 2, 12, 1, 0, 45438, 'Ice Block', 'spell_frost_frost.jpg'),
  ('Mage', 'Fire', '', 'class', 43, 3, 6, 1, 0, 1244087, 'Temporal Realignment', 'warrior_doubletime.jpg'),
  ('Mage', 'Fire', '', 'class', 45, 3, 8, 2, 0, 342249, 'Master of Time', 'inv_belt_armor_waistoftime_d_01.jpg'),
  ('Mage', 'Fire', '', 'class', 49, 3, 12, 2, 0, 382424, 'Winter''s Protection', 'spell_ice_rune.jpg'),
  ('Mage', 'Fire', '', 'class', 51, 3, 14, 1, 0, 1250315, 'Frost Conditioning', 'spell_frost_icefloes.jpg'),
  ('Mage', 'Fire', '', 'class', 62, 4, 6, 2, 0, 383092, 'Arcane Warding', 'spell_arcane_arcaneresilience.jpg'),
  ('Mage', 'Fire', '', 'class', 66, 4, 10, 1, 0, 458437, 'Inspired Intellect', 'spell_holy_arcaneintellect.jpg'),
  ('Mage', 'Fire', '', 'class', 70, 4, 14, 1, 0, 55342, 'Mirror Image', 'spell_magic_lesserinvisibilty.jpg'),
  ('Mage', 'Fire', '', 'class', 79, 5, 4, 1, 0, 30449, 'Spellsteal', 'spell_arcane_arcane02.jpg'),
  ('Mage', 'Fire', '', 'class', 83, 5, 8, 1, 0, 382297, 'Quick Witted', 'ability_priest_surgeofdarkness.jpg'),
  ('Mage', 'Fire', '', 'class', 85, 5, 10, 1, 0, 31661, 'Supernova', 'inv_misc_head_dragon_01.jpg'),
  ('Mage', 'Fire', '', 'class', 87, 5, 12, 1, 0, 475, 'Remove Curse', 'spell_nature_removecurse.jpg'),
  ('Mage', 'Fire', '', 'class', 91, 5, 16, 2, 0, 1244025, 'Improved Conjuration', 'spell_arcane_focusedpower.jpg'),
  ('Mage', 'Fire', '', 'class', 98, 6, 4, 1, 0, 1270827, 'Improved Spellsteal', 'spell_arcane_arcane02.jpg'),
  ('Mage', 'Fire', '', 'class', 100, 6, 6, 1, 0, 212653, 'Improved Blink', 'spell_arcane_massdispel.jpg'),
  ('Mage', 'Fire', '', 'class', 102, 6, 8, 1, 0, 1270865, 'Improved Counterspell', 'inv_1115_mage_counterspell.jpg'),
  ('Mage', 'Fire', '', 'class', 104, 6, 10, 1, 0, 390218, 'Overflowing Energy', 'spell_arcane_manatap.jpg'),
  ('Mage', 'Fire', '', 'class', 106, 6, 12, 1, 0, 1270847, 'Improved Remove Curse', 'spell_nature_removecurse.jpg'),
  ('Mage', 'Fire', '', 'class', 108, 6, 14, 1, 0, 110959, 'Greater Invisibility', 'ability_mage_greaterinvisibility.jpg'),
  ('Mage', 'Fire', '', 'class', 117, 7, 4, 1, 0, 343183, 'Ice Ward', 'spell_frost_frostnova.jpg'),
  ('Mage', 'Fire', '', 'class', 119, 7, 6, 1, 0, 1270872, 'Captured Thoughts', 'spell_nature_elementalabsorption.jpg'),
  ('Mage', 'Fire', '', 'class', 121, 7, 8, 1, 0, 382493, 'Tome of Rhonin', 'inv_misc_book_04.jpg'),
  ('Mage', 'Fire', '', 'class', 125, 7, 12, 1, 0, 382490, 'Tome of Antonidas', 'inv_misc_book_18.jpg'),
  ('Mage', 'Fire', '', 'class', 127, 7, 14, 2, 0, 382293, 'Incantation of Swiftness', 'rogue_burstofspeed.jpg'),
  ('Mage', 'Fire', '', 'class', 129, 7, 16, 1, 0, 210476, 'Master of Escape', 'ability_mage_invisibility.jpg'),
  ('Mage', 'Fire', '', 'class', 138, 8, 6, 1, 0, 1244105, 'Charm of Aegwynn', 'inv_nerubian_necklace_02_color5.jpg'),
  ('Mage', 'Fire', '', 'class', 140, 8, 8, 1, 0, 461261, 'Brainstorm', 'ability_kaztik_dominatemind.jpg'),
  ('Mage', 'Fire', '', 'class', 142, 8, 10, 1, 0, 382268, 'Flow of Time', 'spell_arcane_blink.jpg'),
  ('Mage', 'Fire', '', 'class', 144, 8, 12, 1, 0, 1270845, 'Mana Confluence', 'spell_shaman_blessingoftheeternals.jpg'),
  ('Mage', 'Fire', '', 'class', 146, 8, 14, 1, 0, 1244107, 'Charm of Medivh', 'inv_nerubian_necklace_02_color1.jpg'),
  ('Mage', 'Fire', '', 'class', 155, 9, 4, 1, 0, 1265517, 'Permafrost Bauble', 'inv_10_dungeonjewelry_primalist_necklace_2_frost.jpg'),
  ('Mage', 'Fire', '', 'class', 157, 9, 6, 1, 0, 386763, 'Ice Nova', 'spell_frost_glacier.jpg'),
  ('Mage', 'Fire', '', 'class', 159, 9, 8, 1, 0, 387807, 'Time Manipulation', 'spell_nature_timestop.jpg'),
  ('Mage', 'Fire', '', 'class', 161, 9, 10, 1, 0, 113724, 'Mass Polymorph', 'spell_frost_ring-of-frost.jpg'),
  ('Mage', 'Fire', '', 'class', 163, 9, 12, 1, 0, 386828, 'Energized Barriers', 'spell_mage_temporalshield.jpg'),
  ('Mage', 'Fire', '', 'class', 165, 9, 14, 1, 0, 414664, 'Mass Invisibility', 'ability_mage_massinvisibility.jpg'),
  ('Mage', 'Fire', '', 'class', 167, 9, 16, 1, 0, 455428, 'Barrier Diffusion', 'spell_mage_evanesce.jpg'),
  ('Mage', 'Fire', '', 'class', 176, 10, 6, 1, 0, 414659, 'Ice Cold', 'spell_fire_bluefire.jpg'),
  ('Mage', 'Fire', '', 'class', 180, 10, 10, 1, 0, 1244031, 'Reflection', 'spell_mage_overpowered.jpg'),
  ('Mage', 'Fire', '', 'class', 184, 10, 14, 1, 0, 321708, 'Improved Blazing Barrier', 'ability_mage_moltenarmor.jpg'),
  ('Mage', 'Fire', '', 'spec', 9, 1, 10, 1, 0, 11366, 'Pyroblast', 'spell_fire_fireball02.jpg'),
  ('Mage', 'Fire', '', 'spec', 26, 2, 8, 1, 0, 108853, 'Fire Blast', 'spell_fire_fireball.jpg'),
  ('Mage', 'Fire', '', 'spec', 28, 2, 10, 1, 0, 205026, 'Firestarter', 'spell_fire_fire.jpg'),
  ('Mage', 'Fire', '', 'spec', 30, 2, 12, 1, 0, 2120, 'Flamestrike', 'spell_fire_selfdestruct.jpg'),
  ('Mage', 'Fire', '', 'spec', 43, 3, 6, 1, 0, 1254756, 'Ignition', 'item_sparkofragnoros.jpg'),
  ('Mage', 'Fire', '', 'spec', 47, 3, 10, 1, 0, 190319, 'Combustion', 'spell_fire_sealoffire.jpg'),
  ('Mage', 'Fire', '', 'spec', 51, 3, 14, 1, 0, 416094, 'Fuel the Fire', 'ability_warlock_inferno.jpg'),
  ('Mage', 'Fire', '', 'spec', 62, 4, 6, 1, 0, 387044, 'Fervent Flickering', 'ability_warlock_burningembers.jpg'),
  ('Mage', 'Fire', '', 'spec', 66, 4, 10, 1, 0, 86949, 'Cauterize', 'spell_fire_rune.jpg'),
  ('Mage', 'Fire', '', 'spec', 70, 4, 14, 1, 0, 153561, 'Meteor', 'spell_mage_meteor.jpg'),
  ('Mage', 'Fire', '', 'spec', 81, 5, 6, 1, 0, 2948, 'Scorch', 'spell_fire_soulburn.jpg'),
  ('Mage', 'Fire', '', 'spec', 83, 5, 8, 1, 0, 205029, 'Flame On', 'inv_helm_circlet_firelands_d_01.jpg'),
  ('Mage', 'Fire', '', 'spec', 85, 5, 10, 1, 0, 1254194, 'Kindling', 'spell_mage_kindling.jpg'),
  ('Mage', 'Fire', '', 'spec', 87, 5, 12, 2, 0, 117216, 'Critical Mass', 'spell_fire_volcano.jpg'),
  ('Mage', 'Fire', '', 'spec', 89, 5, 14, 1, 0, 1254857, 'Deep Impact', 'spell_fire_moltenblood.jpg'),
  ('Mage', 'Fire', '', 'spec', 98, 6, 4, 1, 0, 457735, 'Heat Shimmer', 'ability_rhyolith_magmaflow_wave.jpg'),
  ('Mage', 'Fire', '', 'spec', 102, 6, 8, 1, 0, 450746, 'Scald', 'ability_racial_foregedinflames.jpg'),
  ('Mage', 'Fire', '', 'spec', 104, 6, 10, 1, 0, 383669, 'Controlled Destruction', 'spell_fire_playingwithfire.jpg'),
  ('Mage', 'Fire', '', 'spec', 106, 6, 12, 1, 0, 343230, 'Mote of Flame', 'inv_10_elementalcombinedfoozles_fire.jpg'),
  ('Mage', 'Fire', '', 'spec', 110, 6, 16, 1, 0, 416719, 'Blast Zone', 'spell_fire_elementaldevastation.jpg'),
  ('Mage', 'Fire', '', 'spec', 119, 7, 6, 1, 0, 1271171, 'Conflagration', 'spell_shaman_firenova.jpg'),
  ('Mage', 'Fire', '', 'spec', 121, 7, 8, 1, 0, 416714, 'Intensifying Flame', 'spell_fire_incinerate.jpg'),
  ('Mage', 'Fire', '', 'spec', 123, 7, 10, 2, 0, 451875, 'Spontaneous Combustion', 'ability_mage_worldinflames.jpg'),
  ('Mage', 'Fire', '', 'spec', 125, 7, 12, 1, 0, 457803, 'Molten Fury', 'warrior_talent_icon_furyintheblood.jpg'),
  ('Mage', 'Fire', '', 'spec', 127, 7, 14, 1, 0, 417467, 'Inflame', 'spell_fire_ragnaros_lavabolt.jpg'),
  ('Mage', 'Fire', '', 'spec', 138, 8, 6, 2, 0, 1254828, 'Wildfire', 'ability_warlock_inferno.jpg'),
  ('Mage', 'Fire', '', 'spec', 142, 8, 10, 2, 0, 383810, 'Fevered Incantation', 'inv_misc_enchantedpearld.jpg'),
  ('Mage', 'Fire', '', 'spec', 146, 8, 14, 2, 0, 450831, 'Fire''s Ire', 'achievement_boss_lordanthricyst.jpg'),
  ('Mage', 'Fire', '', 'spec', 155, 9, 4, 1, 0, 384174, 'Master of Flame', 'inv_trinket_firelands_02.jpg'),
  ('Mage', 'Fire', '', 'spec', 159, 9, 8, 1, 0, 342344, 'From the Ashes', 'inv_misc_phoenixegg.jpg'),
  ('Mage', 'Fire', '', 'spec', 161, 9, 10, 1, 0, 383634, 'Fiery Rush', 'inv_summerfest_firespirit.jpg'),
  ('Mage', 'Fire', '', 'spec', 163, 9, 12, 1, 0, 453282, 'Flame Accelerant', 'inv_ember.jpg'),
  ('Mage', 'Fire', '', 'spec', 167, 9, 16, 1, 0, 451466, 'Pyromaniac', 'inv_misc_volatilefire.jpg'),
  ('Mage', 'Fire', '', 'spec', 174, 10, 4, 1, 0, 1271177, 'Burnout', 'ability_mage_burnout.jpg'),
  ('Mage', 'Fire', '', 'spec', 178, 10, 8, 1, 0, 383391, 'Feel the Burn', 'spell_fire_fireball.jpg'),
  ('Mage', 'Fire', '', 'spec', 180, 10, 10, 1, 0, 383967, 'Burn It All', 'spell_fire_sealoffire.jpg'),
  ('Mage', 'Fire', '', 'spec', 182, 10, 12, 1, 0, 269650, 'Pyroclasm', 'spell_shaman_lavasurge.jpg'),
  ('Mage', 'Fire', '', 'spec', 186, 10, 16, 1, 0, 1254865, 'Cinderstorm', 'spell_fire_flare.jpg'),
  ('Mage', 'Fire', '', 'spec', 199, 11, 10, 4, 0, 1257343, 'Fired Up', 'inv12_apextalent_mage_firedup.jpg'),
  ('Mage', 'Fire', 'Frostfire', 'hero', 9, 1, 10, 1, 0, 431044, 'Frostfire Bolt', 'inv_ability_frostfiremage_frostfirebolt.jpg'),
  ('Mage', 'Fire', 'Frostfire', 'hero', 25, 2, 7, 1, 0, 431066, 'Meltdown', 'inv_10_jewelcrafting_gem3primal_fire_cut_blue.jpg'),
  ('Mage', 'Fire', 'Frostfire', 'hero', 27, 2, 9, 1, 0, 431176, 'Frostfire Empowerment', 'spell_frostfire-orb.jpg'),
  ('Mage', 'Fire', 'Frostfire', 'hero', 29, 2, 11, 1, 0, 431067, 'Flame and Frost', 'inv_10_dungeonjewelry_dragon_trinket_5_red.jpg'),
  ('Mage', 'Fire', 'Frostfire', 'hero', 31, 2, 13, 1, 0, 1262843, 'Duality', 'ability_mage_frostfirebolt.jpg'),
  ('Mage', 'Fire', 'Frostfire', 'hero', 44, 3, 7, 1, 0, 1248002, 'Heat Sink', 'spell_fire_masterofelements.jpg'),
  ('Mage', 'Fire', 'Frostfire', 'hero', 46, 3, 9, 1, 0, 431117, 'Severe Temperatures', 'spell_fireresistancetotem_01.jpg'),
  ('Mage', 'Fire', 'Frostfire', 'hero', 48, 3, 11, 1, 0, 1248014, 'Dualcasting Adept', 'ability_dualwieldspecialization.jpg'),
  ('Mage', 'Fire', 'Frostfire', 'hero', 50, 3, 13, 1, 0, 1262844, 'Molten Chill', 'spell_fire_incinerate.jpg'),
  ('Mage', 'Fire', 'Frostfire', 'hero', 63, 4, 7, 1, 0, 431166, 'Frostfire Infusion', 'inv_10_blacksmithing_craftedbar_frostfirealloy.jpg'),
  ('Mage', 'Fire', 'Frostfire', 'hero', 65, 4, 9, 1, 0, 431178, 'Flash Freezeburn', 'spell_fire_elementaldevastation.jpg'),
  ('Mage', 'Fire', 'Frostfire', 'hero', 67, 4, 11, 1, 0, 1248016, 'Blast Radius', 'spell_frostresistancetotem_01.jpg'),
  ('Mage', 'Fire', 'Frostfire', 'hero', 69, 4, 13, 1, 0, 1262845, 'Elemental Conduit', 'inv_ability_shaman_primordialwave.jpg'),
  ('Mage', 'Fire', 'Frostfire', 'hero', 85, 5, 10, 1, 0, 431095, 'Isothermic Core', 'inv12_ability_mage_isothermiccore.jpg');

INSERT INTO `talent_tree_connections`
  (`class_name`, `spec_name`, `hero_name`, `tree_type`,
   `from_cell`, `to_cell`)
VALUES
  ('Mage', 'Fire', '', 'class', 9, 26),
  ('Mage', 'Fire', '', 'class', 9, 30),
  ('Mage', 'Fire', '', 'class', 26, 43),
  ('Mage', 'Fire', '', 'class', 26, 45),
  ('Mage', 'Fire', '', 'class', 30, 49),
  ('Mage', 'Fire', '', 'class', 30, 51),
  ('Mage', 'Fire', '', 'class', 43, 62),
  ('Mage', 'Fire', '', 'class', 45, 62),
  ('Mage', 'Fire', '', 'class', 45, 66),
  ('Mage', 'Fire', '', 'class', 49, 66),
  ('Mage', 'Fire', '', 'class', 49, 70),
  ('Mage', 'Fire', '', 'class', 51, 70),
  ('Mage', 'Fire', '', 'class', 62, 79),
  ('Mage', 'Fire', '', 'class', 62, 83),
  ('Mage', 'Fire', '', 'class', 66, 83),
  ('Mage', 'Fire', '', 'class', 66, 85),
  ('Mage', 'Fire', '', 'class', 66, 87),
  ('Mage', 'Fire', '', 'class', 70, 87),
  ('Mage', 'Fire', '', 'class', 70, 91),
  ('Mage', 'Fire', '', 'class', 79, 98),
  ('Mage', 'Fire', '', 'class', 79, 100),
  ('Mage', 'Fire', '', 'class', 83, 100),
  ('Mage', 'Fire', '', 'class', 83, 102),
  ('Mage', 'Fire', '', 'class', 83, 104),
  ('Mage', 'Fire', '', 'class', 85, 104),
  ('Mage', 'Fire', '', 'class', 87, 104),
  ('Mage', 'Fire', '', 'class', 87, 106),
  ('Mage', 'Fire', '', 'class', 87, 108),
  ('Mage', 'Fire', '', 'class', 91, 108),
  ('Mage', 'Fire', '', 'class', 98, 117),
  ('Mage', 'Fire', '', 'class', 100, 117),
  ('Mage', 'Fire', '', 'class', 100, 119),
  ('Mage', 'Fire', '', 'class', 100, 121),
  ('Mage', 'Fire', '', 'class', 102, 121),
  ('Mage', 'Fire', '', 'class', 104, 121),
  ('Mage', 'Fire', '', 'class', 104, 125),
  ('Mage', 'Fire', '', 'class', 106, 125),
  ('Mage', 'Fire', '', 'class', 108, 125),
  ('Mage', 'Fire', '', 'class', 108, 127),
  ('Mage', 'Fire', '', 'class', 108, 129),
  ('Mage', 'Fire', '', 'class', 117, 138),
  ('Mage', 'Fire', '', 'class', 119, 138),
  ('Mage', 'Fire', '', 'class', 121, 138),
  ('Mage', 'Fire', '', 'class', 121, 140),
  ('Mage', 'Fire', '', 'class', 121, 142),
  ('Mage', 'Fire', '', 'class', 125, 142),
  ('Mage', 'Fire', '', 'class', 125, 144),
  ('Mage', 'Fire', '', 'class', 125, 146),
  ('Mage', 'Fire', '', 'class', 127, 146),
  ('Mage', 'Fire', '', 'class', 129, 146),
  ('Mage', 'Fire', '', 'class', 138, 155),
  ('Mage', 'Fire', '', 'class', 138, 157),
  ('Mage', 'Fire', '', 'class', 138, 159),
  ('Mage', 'Fire', '', 'class', 140, 159),
  ('Mage', 'Fire', '', 'class', 142, 159),
  ('Mage', 'Fire', '', 'class', 142, 161),
  ('Mage', 'Fire', '', 'class', 142, 163),
  ('Mage', 'Fire', '', 'class', 144, 163),
  ('Mage', 'Fire', '', 'class', 146, 163),
  ('Mage', 'Fire', '', 'class', 146, 165),
  ('Mage', 'Fire', '', 'class', 146, 167),
  ('Mage', 'Fire', '', 'class', 155, 176),
  ('Mage', 'Fire', '', 'class', 157, 176),
  ('Mage', 'Fire', '', 'class', 159, 176),
  ('Mage', 'Fire', '', 'class', 159, 180),
  ('Mage', 'Fire', '', 'class', 161, 180),
  ('Mage', 'Fire', '', 'class', 163, 180),
  ('Mage', 'Fire', '', 'class', 163, 184),
  ('Mage', 'Fire', '', 'class', 165, 184),
  ('Mage', 'Fire', '', 'class', 167, 184),
  ('Mage', 'Fire', '', 'spec', 9, 26),
  ('Mage', 'Fire', '', 'spec', 9, 28),
  ('Mage', 'Fire', '', 'spec', 9, 30),
  ('Mage', 'Fire', '', 'spec', 26, 43),
  ('Mage', 'Fire', '', 'spec', 26, 47),
  ('Mage', 'Fire', '', 'spec', 30, 47),
  ('Mage', 'Fire', '', 'spec', 30, 51),
  ('Mage', 'Fire', '', 'spec', 43, 62),
  ('Mage', 'Fire', '', 'spec', 47, 66),
  ('Mage', 'Fire', '', 'spec', 51, 70),
  ('Mage', 'Fire', '', 'spec', 62, 81),
  ('Mage', 'Fire', '', 'spec', 62, 83),
  ('Mage', 'Fire', '', 'spec', 66, 83),
  ('Mage', 'Fire', '', 'spec', 66, 85),
  ('Mage', 'Fire', '', 'spec', 66, 87),
  ('Mage', 'Fire', '', 'spec', 70, 87),
  ('Mage', 'Fire', '', 'spec', 70, 89),
  ('Mage', 'Fire', '', 'spec', 81, 98),
  ('Mage', 'Fire', '', 'spec', 81, 102),
  ('Mage', 'Fire', '', 'spec', 83, 102),
  ('Mage', 'Fire', '', 'spec', 83, 104),
  ('Mage', 'Fire', '', 'spec', 85, 104),
  ('Mage', 'Fire', '', 'spec', 87, 104),
  ('Mage', 'Fire', '', 'spec', 87, 106),
  ('Mage', 'Fire', '', 'spec', 89, 106),
  ('Mage', 'Fire', '', 'spec', 89, 110),
  ('Mage', 'Fire', '', 'spec', 98, 119),
  ('Mage', 'Fire', '', 'spec', 102, 119),
  ('Mage', 'Fire', '', 'spec', 102, 121),
  ('Mage', 'Fire', '', 'spec', 102, 123),
  ('Mage', 'Fire', '', 'spec', 104, 123),
  ('Mage', 'Fire', '', 'spec', 106, 123),
  ('Mage', 'Fire', '', 'spec', 106, 125),
  ('Mage', 'Fire', '', 'spec', 106, 127),
  ('Mage', 'Fire', '', 'spec', 110, 127),
  ('Mage', 'Fire', '', 'spec', 119, 138),
  ('Mage', 'Fire', '', 'spec', 121, 138),
  ('Mage', 'Fire', '', 'spec', 121, 142),
  ('Mage', 'Fire', '', 'spec', 123, 142),
  ('Mage', 'Fire', '', 'spec', 125, 142),
  ('Mage', 'Fire', '', 'spec', 125, 146),
  ('Mage', 'Fire', '', 'spec', 127, 146),
  ('Mage', 'Fire', '', 'spec', 138, 155),
  ('Mage', 'Fire', '', 'spec', 138, 159),
  ('Mage', 'Fire', '', 'spec', 142, 159),
  ('Mage', 'Fire', '', 'spec', 142, 161),
  ('Mage', 'Fire', '', 'spec', 142, 163),
  ('Mage', 'Fire', '', 'spec', 146, 163),
  ('Mage', 'Fire', '', 'spec', 146, 167),
  ('Mage', 'Fire', '', 'spec', 155, 174),
  ('Mage', 'Fire', '', 'spec', 159, 178),
  ('Mage', 'Fire', '', 'spec', 159, 180),
  ('Mage', 'Fire', '', 'spec', 161, 180),
  ('Mage', 'Fire', '', 'spec', 163, 180),
  ('Mage', 'Fire', '', 'spec', 163, 182),
  ('Mage', 'Fire', '', 'spec', 167, 186),
  ('Mage', 'Fire', 'Frostfire', 'hero', 9, 25),
  ('Mage', 'Fire', 'Frostfire', 'hero', 9, 27),
  ('Mage', 'Fire', 'Frostfire', 'hero', 9, 29),
  ('Mage', 'Fire', 'Frostfire', 'hero', 9, 31),
  ('Mage', 'Fire', 'Frostfire', 'hero', 25, 44),
  ('Mage', 'Fire', 'Frostfire', 'hero', 27, 46),
  ('Mage', 'Fire', 'Frostfire', 'hero', 29, 48),
  ('Mage', 'Fire', 'Frostfire', 'hero', 31, 50),
  ('Mage', 'Fire', 'Frostfire', 'hero', 44, 63),
  ('Mage', 'Fire', 'Frostfire', 'hero', 46, 65),
  ('Mage', 'Fire', 'Frostfire', 'hero', 48, 67),
  ('Mage', 'Fire', 'Frostfire', 'hero', 50, 69),
  ('Mage', 'Fire', 'Frostfire', 'hero', 63, 85),
  ('Mage', 'Fire', 'Frostfire', 'hero', 65, 85),
  ('Mage', 'Fire', 'Frostfire', 'hero', 67, 85),
  ('Mage', 'Fire', 'Frostfire', 'hero', 69, 85);

INSERT INTO `talent_spells`
  (`spell_id`, `spell_name`, `class_name`, `spec_name`, `hero_name`,
   `tree_type`, `status`, `notes`)
VALUES
  (235313, 'Blazing Barrier', 'Mage', 'Fire', '', 'class', 'nyi', NULL),
  (342245, 'Alter Time', 'Mage', 'Fire', '', 'class', 'nyi', NULL),
  (45438, 'Ice Block', 'Mage', 'Fire', '', 'class', 'nyi', NULL),
  (1244087, 'Temporal Realignment', 'Mage', 'Fire', '', 'class', 'nyi', NULL),
  (1244090, 'Temporal Realignment', 'Mage', 'Fire', '', 'class', 'nyi', NULL),
  (342249, 'Master of Time', 'Mage', 'Fire', '', 'class', 'nyi', NULL),
  (382424, 'Winter''s Protection', 'Mage', 'Fire', '', 'class', 'nyi', NULL),
  (1250315, 'Frost Conditioning', 'Mage', 'Fire', '', 'class', 'nyi', NULL),
  (383092, 'Arcane Warding', 'Mage', 'Fire', '', 'class', 'nyi', NULL),
  (458437, 'Inspired Intellect', 'Mage', 'Fire', '', 'class', 'nyi', NULL),
  (55342, 'Mirror Image', 'Mage', 'Fire', '', 'class', 'nyi', NULL),
  (30449, 'Spellsteal', 'Mage', 'Fire', '', 'class', 'nyi', NULL),
  (382297, 'Quick Witted', 'Mage', 'Fire', '', 'class', 'nyi', NULL),
  (31661, 'Supernova', 'Mage', 'Fire', '', 'class', 'nyi', NULL),
  (157980, 'Supernova', 'Mage', 'Fire', '', 'class', 'nyi', NULL),
  (475, 'Remove Curse', 'Mage', 'Fire', '', 'class', 'nyi', NULL),
  (1244025, 'Improved Conjuration', 'Mage', 'Fire', '', 'class', 'nyi', NULL),
  (1270827, 'Improved Spellsteal', 'Mage', 'Fire', '', 'class', 'nyi', NULL),
  (212653, 'Improved Blink', 'Mage', 'Fire', '', 'class', 'nyi', NULL),
  (1244340, 'Improved Blink', 'Mage', 'Fire', '', 'class', 'nyi', NULL),
  (1270865, 'Improved Counterspell', 'Mage', 'Fire', '', 'class', 'nyi', NULL),
  (390218, 'Overflowing Energy', 'Mage', 'Fire', '', 'class', 'nyi', NULL),
  (1270847, 'Improved Remove Curse', 'Mage', 'Fire', '', 'class', 'nyi', NULL),
  (110959, 'Greater Invisibility', 'Mage', 'Fire', '', 'class', 'nyi', NULL),
  (343183, 'Ice Ward', 'Mage', 'Fire', '', 'class', 'nyi', NULL),
  (205036, 'Ice Ward', 'Mage', 'Fire', '', 'class', 'nyi', NULL),
  (1270872, 'Captured Thoughts', 'Mage', 'Fire', '', 'class', 'nyi', NULL),
  (382493, 'Tome of Rhonin', 'Mage', 'Fire', '', 'class', 'nyi', NULL),
  (382490, 'Tome of Antonidas', 'Mage', 'Fire', '', 'class', 'nyi', NULL),
  (382293, 'Incantation of Swiftness', 'Mage', 'Fire', '', 'class', 'nyi', NULL),
  (210476, 'Master of Escape', 'Mage', 'Fire', '', 'class', 'nyi', NULL),
  (1244105, 'Charm of Aegwynn', 'Mage', 'Fire', '', 'class', 'nyi', NULL),
  (461261, 'Brainstorm', 'Mage', 'Fire', '', 'class', 'nyi', NULL),
  (382268, 'Flow of Time', 'Mage', 'Fire', '', 'class', 'nyi', NULL),
  (1270845, 'Mana Confluence', 'Mage', 'Fire', '', 'class', 'nyi', NULL),
  (1244107, 'Charm of Medivh', 'Mage', 'Fire', '', 'class', 'nyi', NULL),
  (1265517, 'Permafrost Bauble', 'Mage', 'Fire', '', 'class', 'nyi', NULL),
  (386763, 'Ice Nova', 'Mage', 'Fire', '', 'class', 'nyi', NULL),
  (157997, 'Ice Nova', 'Mage', 'Fire', '', 'class', 'nyi', NULL),
  (387807, 'Time Manipulation', 'Mage', 'Fire', '', 'class', 'nyi', NULL),
  (113724, 'Mass Polymorph', 'Mage', 'Fire', '', 'class', 'nyi', NULL),
  (383121, 'Mass Polymorph', 'Mage', 'Fire', '', 'class', 'nyi', NULL),
  (386828, 'Energized Barriers', 'Mage', 'Fire', '', 'class', 'nyi', NULL),
  (414664, 'Mass Invisibility', 'Mage', 'Fire', '', 'class', 'nyi', NULL),
  (455428, 'Barrier Diffusion', 'Mage', 'Fire', '', 'class', 'nyi', NULL),
  (414659, 'Ice Cold', 'Mage', 'Fire', '', 'class', 'nyi', NULL),
  (1244031, 'Reflection', 'Mage', 'Fire', '', 'class', 'nyi', NULL),
  (1270829, 'Reflection', 'Mage', 'Fire', '', 'class', 'nyi', NULL),
  (321708, 'Improved Blazing Barrier', 'Mage', 'Fire', '', 'class', 'nyi', NULL),
  (11366, 'Pyroblast', 'Mage', 'Fire', '', 'spec', 'nyi', NULL),
  (108853, 'Fire Blast', 'Mage', 'Fire', '', 'spec', 'nyi', NULL),
  (205026, 'Firestarter', 'Mage', 'Fire', '', 'spec', 'nyi', NULL),
  (2120, 'Flamestrike', 'Mage', 'Fire', '', 'spec', 'nyi', NULL),
  (1254851, 'Flamestrike', 'Mage', 'Fire', '', 'spec', 'nyi', NULL),
  (1254756, 'Ignition', 'Mage', 'Fire', '', 'spec', 'nyi', NULL),
  (190319, 'Combustion', 'Mage', 'Fire', '', 'spec', 'nyi', NULL),
  (416094, 'Fuel the Fire', 'Mage', 'Fire', '', 'spec', 'nyi', NULL),
  (387044, 'Fervent Flickering', 'Mage', 'Fire', '', 'spec', 'nyi', NULL),
  (86949, 'Cauterize', 'Mage', 'Fire', '', 'spec', 'nyi', NULL),
  (153561, 'Meteor', 'Mage', 'Fire', '', 'spec', 'nyi', NULL),
  (2948, 'Scorch', 'Mage', 'Fire', '', 'spec', 'nyi', NULL),
  (205029, 'Flame On', 'Mage', 'Fire', '', 'spec', 'nyi', NULL),
  (1254194, 'Kindling', 'Mage', 'Fire', '', 'spec', 'nyi', NULL),
  (117216, 'Critical Mass', 'Mage', 'Fire', '', 'spec', 'nyi', NULL),
  (1254857, 'Deep Impact', 'Mage', 'Fire', '', 'spec', 'nyi', NULL),
  (457735, 'Heat Shimmer', 'Mage', 'Fire', '', 'spec', 'nyi', NULL),
  (450746, 'Scald', 'Mage', 'Fire', '', 'spec', 'nyi', NULL),
  (383669, 'Controlled Destruction', 'Mage', 'Fire', '', 'spec', 'nyi', NULL),
  (343230, 'Mote of Flame', 'Mage', 'Fire', '', 'spec', 'nyi', NULL),
  (416719, 'Blast Zone', 'Mage', 'Fire', '', 'spec', 'nyi', NULL),
  (1271171, 'Conflagration', 'Mage', 'Fire', '', 'spec', 'nyi', NULL),
  (416714, 'Intensifying Flame', 'Mage', 'Fire', '', 'spec', 'nyi', NULL),
  (451875, 'Spontaneous Combustion', 'Mage', 'Fire', '', 'spec', 'nyi', NULL),
  (457803, 'Molten Fury', 'Mage', 'Fire', '', 'spec', 'nyi', NULL),
  (417467, 'Inflame', 'Mage', 'Fire', '', 'spec', 'nyi', NULL),
  (1254828, 'Wildfire', 'Mage', 'Fire', '', 'spec', 'nyi', NULL),
  (383810, 'Fevered Incantation', 'Mage', 'Fire', '', 'spec', 'nyi', NULL),
  (450831, 'Fire''s Ire', 'Mage', 'Fire', '', 'spec', 'nyi', NULL),
  (384174, 'Master of Flame', 'Mage', 'Fire', '', 'spec', 'nyi', NULL),
  (342344, 'From the Ashes', 'Mage', 'Fire', '', 'spec', 'nyi', NULL),
  (383634, 'Fiery Rush', 'Mage', 'Fire', '', 'spec', 'nyi', NULL),
  (453282, 'Flame Accelerant', 'Mage', 'Fire', '', 'spec', 'nyi', NULL),
  (451466, 'Pyromaniac', 'Mage', 'Fire', '', 'spec', 'nyi', NULL),
  (1271177, 'Burnout', 'Mage', 'Fire', '', 'spec', 'nyi', NULL),
  (383391, 'Feel the Burn', 'Mage', 'Fire', '', 'spec', 'nyi', NULL),
  (383967, 'Burn It All', 'Mage', 'Fire', '', 'spec', 'nyi', NULL),
  (1254512, 'Burn It All', 'Mage', 'Fire', '', 'spec', 'nyi', NULL),
  (269650, 'Pyroclasm', 'Mage', 'Fire', '', 'spec', 'nyi', NULL),
  (1254865, 'Cinderstorm', 'Mage', 'Fire', '', 'spec', 'nyi', NULL),
  (1257343, 'Fired Up', 'Mage', 'Fire', '', 'spec', 'nyi', NULL),
  (431044, 'Frostfire Bolt', 'Mage', 'Fire', 'Frostfire', 'hero', 'nyi', NULL),
  (431066, 'Meltdown', 'Mage', 'Fire', 'Frostfire', 'hero', 'nyi', NULL),
  (431131, 'Meltdown', 'Mage', 'Fire', 'Frostfire', 'hero', 'nyi', NULL),
  (431176, 'Frostfire Empowerment', 'Mage', 'Fire', 'Frostfire', 'hero', 'nyi', NULL),
  (431067, 'Flame and Frost', 'Mage', 'Fire', 'Frostfire', 'hero', 'nyi', NULL),
  (431112, 'Flame And Frost', 'Mage', 'Fire', 'Frostfire', 'hero', 'nyi', NULL),
  (1262843, 'Duality', 'Mage', 'Fire', 'Frostfire', 'hero', 'nyi', NULL),
  (1248002, 'Heat Sink', 'Mage', 'Fire', 'Frostfire', 'hero', 'nyi', NULL),
  (431117, 'Severe Temperatures', 'Mage', 'Fire', 'Frostfire', 'hero', 'nyi', NULL),
  (431189, 'Severe Temperatures', 'Mage', 'Fire', 'Frostfire', 'hero', 'nyi', NULL),
  (1248014, 'Dualcasting Adept', 'Mage', 'Fire', 'Frostfire', 'hero', 'nyi', NULL),
  (1262844, 'Molten Chill', 'Mage', 'Fire', 'Frostfire', 'hero', 'nyi', NULL),
  (431166, 'Frostfire Infusion', 'Mage', 'Fire', 'Frostfire', 'hero', 'nyi', NULL),
  (431178, 'Flash Freezeburn', 'Mage', 'Fire', 'Frostfire', 'hero', 'nyi', NULL),
  (1248016, 'Blast Radius', 'Mage', 'Fire', 'Frostfire', 'hero', 'nyi', NULL),
  (1262845, 'Elemental Conduit', 'Mage', 'Fire', 'Frostfire', 'hero', 'nyi', NULL),
  (431095, 'Isothermic Core', 'Mage', 'Fire', 'Frostfire', 'hero', 'nyi', NULL)
AS _new
ON DUPLICATE KEY UPDATE
  `spell_name` = _new.`spell_name`;

