-- Auto-generated by parse_raw.ps1 from raw_warrior_fury_mountain_thane.txt -- do not edit by hand.

USE `spellhell_tracker`;

DELETE FROM `talent_tree_connections` WHERE `class_name`='Warrior' AND `spec_name`='Fury' AND (`hero_name`='' OR `hero_name`='Mountain Thane');
DELETE FROM `talent_tree_nodes` WHERE `class_name`='Warrior' AND `spec_name`='Fury' AND (`hero_name`='' OR `hero_name`='Mountain Thane');

INSERT INTO `talent_tree_nodes`
  (`class_name`, `spec_name`, `hero_name`, `tree_type`,
   `cell_id`, `row_pos`, `col_pos`, `max_rank`, `is_gate`,
   `spell_id`, `node_name`, `icon_name`)
VALUES
  ('Warrior', 'Fury', '', 'class', 5, 1, 6, 1, 0, 386196, 'Berserker Stance', 'ability_racial_avatar.jpg'),
  ('Warrior', 'Fury', '', 'class', 13, 1, 14, 1, 0, 386208, 'Defensive Stance', 'ability_warrior_defensivestance.jpg'),
  ('Warrior', 'Fury', '', 'class', 22, 2, 4, 1, 0, 382260, 'Fast Footwork', 'ability_hunter_posthaste.jpg'),
  ('Warrior', 'Fury', '', 'class', 26, 2, 8, 1, 0, 262231, 'War Machine', 'ability_hunter_rapidkilling.jpg'),
  ('Warrior', 'Fury', '', 'class', 30, 2, 12, 1, 0, 6343, 'Thunder Clap', 'spell_nature_thunderclap.jpg'),
  ('Warrior', 'Fury', '', 'class', 34, 2, 16, 1, 0, 382258, 'Leeching Strikes', 'inv_artifact_bloodoftheassassinated.jpg'),
  ('Warrior', 'Fury', '', 'class', 43, 3, 6, 1, 0, 202168, 'Impending Victory', 'spell_impending_victory.jpg'),
  ('Warrior', 'Fury', '', 'class', 47, 3, 10, 1, 0, 6544, 'Heroic Leap', 'ability_heroicleap.jpg'),
  ('Warrior', 'Fury', '', 'class', 49, 3, 12, 1, 0, 203201, 'Crackling Thunder', 'ability_thunderking_overcharge.jpg'),
  ('Warrior', 'Fury', '', 'class', 51, 3, 14, 1, 0, 107570, 'Storm Bolt', 'warrior_talent_icon_stormbolt.jpg'),
  ('Warrior', 'Fury', '', 'class', 60, 4, 4, 1, 0, 772, 'Rend', 'ability_gouge.jpg'),
  ('Warrior', 'Fury', '', 'class', 62, 4, 6, 1, 0, 29838, 'Second Wind', 'ability_hunter_harass.jpg'),
  ('Warrior', 'Fury', '', 'class', 64, 4, 8, 1, 0, 392792, 'Frothing Berserker', 'warrior_talent_icon_furyintheblood.jpg'),
  ('Warrior', 'Fury', '', 'class', 66, 4, 10, 1, 0, 202163, 'Bounding Stride', 'ability_heroicleap.jpg'),
  ('Warrior', 'Fury', '', 'class', 68, 4, 12, 1, 0, 382549, 'Pain and Gain', 'spell_holy_painsupression.jpg'),
  ('Warrior', 'Fury', '', 'class', 72, 4, 16, 1, 0, 3411, 'Interpose', 'ability_warrior_victoryrush.jpg'),
  ('Warrior', 'Fury', '', 'class', 81, 5, 6, 1, 0, 46968, 'Shockwave', 'ability_warrior_shockwave.jpg'),
  ('Warrior', 'Fury', '', 'class', 83, 5, 8, 1, 0, 382767, 'Overwhelming Rage', 'racial_orc_berserkerstrength.jpg'),
  ('Warrior', 'Fury', '', 'class', 85, 5, 10, 1, 0, 97462, 'Rallying Cry', 'ability_warrior_rallyingcry.jpg'),
  ('Warrior', 'Fury', '', 'class', 87, 5, 12, 1, 0, 1271926, 'Field Dressing', 'inv_misc_bandage_08.jpg'),
  ('Warrior', 'Fury', '', 'class', 89, 5, 14, 1, 0, 23920, 'Spell Reflection', 'ability_warrior_shieldreflection.jpg'),
  ('Warrior', 'Fury', '', 'class', 98, 6, 4, 1, 0, 384110, 'Shattering Throw', 'warrior_talent_icon_mastercleaver.jpg'),
  ('Warrior', 'Fury', '', 'class', 100, 6, 6, 1, 0, 275339, 'Rumbling Earth', 'spell_shaman_earthquake.jpg'),
  ('Warrior', 'Fury', '', 'class', 102, 6, 8, 1, 0, 384100, 'Fearless', 'spell_nature_ancestralguardian.jpg'),
  ('Warrior', 'Fury', '', 'class', 106, 6, 12, 1, 0, 5246, 'Piercing Howl', 'ability_golemthunderclap.jpg'),
  ('Warrior', 'Fury', '', 'class', 110, 6, 16, 1, 0, 391271, 'Honed Reflexes', 'spell_holy_borrowedtime.jpg'),
  ('Warrior', 'Fury', '', 'class', 119, 7, 6, 2, 0, 384124, 'Armored to the Teeth', 'inv_shoulder_22.jpg'),
  ('Warrior', 'Fury', '', 'class', 123, 7, 10, 1, 0, 103827, 'Double Time', 'inv_misc_horn_04.jpg'),
  ('Warrior', 'Fury', '', 'class', 127, 7, 14, 2, 0, 382939, 'Reinforced Plates', 'inv_chest_plate04.jpg'),
  ('Warrior', 'Fury', '', 'class', 136, 8, 4, 1, 0, 383082, 'Barbaric Training', 'ability_garrosh_whirling_corruption.jpg'),
  ('Warrior', 'Fury', '', 'class', 140, 8, 8, 1, 0, 1271948, 'Javelineer', 'inv_spear_01.jpg'),
  ('Warrior', 'Fury', '', 'class', 144, 8, 12, 1, 0, 1243660, 'Resonant Voice', 'warrior_disruptingshout.jpg'),
  ('Warrior', 'Fury', '', 'class', 148, 8, 16, 1, 0, 382764, 'Crushing Force', 'spell_shadow_unholystrength.jpg'),
  ('Warrior', 'Fury', '', 'class', 157, 9, 6, 2, 0, 392777, 'Cruel Strikes', 'ability_criticalstrike.jpg'),
  ('Warrior', 'Fury', '', 'class', 161, 9, 10, 2, 0, 382900, 'Dual Wield Specialization', 'ability_dualwield.jpg'),
  ('Warrior', 'Fury', '', 'class', 165, 9, 14, 2, 0, 382946, 'Wild Strikes', 'ability_rogue_sprint.jpg'),
  ('Warrior', 'Fury', '', 'class', 174, 10, 4, 1, 0, 152278, 'Anger Management', 'warrior_talent_icon_angermanagement.jpg'),
  ('Warrior', 'Fury', '', 'class', 178, 10, 8, 1, 0, 376079, 'Champion''s Spear', 'inv_ability_warrior_championsspear.jpg'),
  ('Warrior', 'Fury', '', 'class', 182, 10, 12, 1, 0, 1280961, 'Stance Mastery', 'crest_warrior.jpg'),
  ('Warrior', 'Fury', '', 'class', 186, 10, 16, 1, 0, 424742, 'Battlefield Commander', 'ability_warrior_commandingshout.jpg'),
  ('Warrior', 'Fury', '', 'spec', 9, 1, 10, 1, 0, 23881, 'Bloodthirst', 'spell_nature_bloodlust.jpg'),
  ('Warrior', 'Fury', '', 'spec', 28, 2, 10, 1, 0, 85288, 'Raging Blow', 'warrior_wild_strike.jpg'),
  ('Warrior', 'Fury', '', 'spec', 43, 3, 6, 1, 0, 29725, 'Sudden Death', 'ability_warrior_improveddisciplines.jpg'),
  ('Warrior', 'Fury', '', 'spec', 47, 3, 10, 1, 0, 383848, 'Powerful Enrage', 'spell_shadow_unholyfrenzy.jpg'),
  ('Warrior', 'Fury', '', 'spec', 51, 3, 14, 1, 0, 316402, 'Improved Execute', 'inv_sword_48.jpg'),
  ('Warrior', 'Fury', '', 'spec', 60, 4, 4, 1, 0, 383486, 'Focus in Chaos', 'ability_hunter_mastermarksman.jpg'),
  ('Warrior', 'Fury', '', 'spec', 64, 4, 8, 1, 0, 184364, 'Enraged Regeneration', 'ability_warrior_focusedrage.jpg'),
  ('Warrior', 'Fury', '', 'spec', 68, 4, 12, 1, 0, 208154, 'Warpaint', 'ability_rogue_preparation.jpg'),
  ('Warrior', 'Fury', '', 'spec', 72, 4, 16, 1, 0, 12950, 'Improved Whirlwind', 'ability_whirlwind.jpg'),
  ('Warrior', 'Fury', '', 'spec', 79, 5, 4, 1, 0, 206315, 'Massacre', 'inv_axe_2h_orcwarrior_c_01.jpg'),
  ('Warrior', 'Fury', '', 'spec', 81, 5, 6, 1, 0, 215568, 'Fresh Meat', 'ability_deathwing_bloodcorruption_death.jpg'),
  ('Warrior', 'Fury', '', 'spec', 83, 5, 8, 1, 0, 383468, 'Invigorating Fury', 'spell_misc_emotionangry.jpg'),
  ('Warrior', 'Fury', '', 'spec', 85, 5, 10, 1, 0, 184367, 'Rampage', 'ability_warrior_rampage.jpg'),
  ('Warrior', 'Fury', '', 'spec', 89, 5, 14, 1, 0, 383854, 'Improved Raging Blow', 'warrior_wild_strike.jpg'),
  ('Warrior', 'Fury', '', 'spec', 91, 5, 16, 1, 0, 1265357, 'Rampaging Ruin', 'ability_warrior_trauma.jpg'),
  ('Warrior', 'Fury', '', 'spec', 98, 6, 4, 1, 0, 1261060, 'Deep Wounds', 'ability_backstab.jpg'),
  ('Warrior', 'Fury', '', 'spec', 100, 6, 6, 2, 0, 383852, 'Spite', 'warrior_talent_icon_furyintheblood.jpg'),
  ('Warrior', 'Fury', '', 'spec', 102, 6, 8, 1, 0, 1265355, 'Scent of Blood', 'ability_hunter_harass.jpg'),
  ('Warrior', 'Fury', '', 'spec', 104, 6, 10, 1, 0, 1265361, 'Kill or Be Killed', 'inv12_ability_warrior_fury.jpg'),
  ('Warrior', 'Fury', '', 'spec', 106, 6, 12, 1, 0, 383877, 'Hack and Slash', 'ability_rogue_rollthebones02.jpg'),
  ('Warrior', 'Fury', '', 'spec', 108, 6, 14, 2, 0, 392931, 'Cruelty', 'spell_nature_focusedmind.jpg'),
  ('Warrior', 'Fury', '', 'spec', 110, 6, 16, 1, 0, 280392, 'Meat Cleaver', 'warrior_talent_icon_mastercleaver.jpg'),
  ('Warrior', 'Fury', '', 'spec', 117, 7, 4, 1, 0, 383959, 'Cold Steel, Hot Blood', 'ability_rogue_hungerforblood.jpg'),
  ('Warrior', 'Fury', '', 'spec', 121, 7, 8, 1, 0, 1265356, 'Ragedrinker', 'spell_nzinsanity_bloodthirst.jpg'),
  ('Warrior', 'Fury', '', 'spec', 123, 7, 10, 1, 0, 1719, 'Recklessness', 'warrior_talent_icon_innerrage.jpg'),
  ('Warrior', 'Fury', '', 'spec', 125, 7, 12, 1, 0, 393950, 'Bloodcraze', 'ability_creature_cursed_02.jpg'),
  ('Warrior', 'Fury', '', 'spec', 129, 7, 16, 1, 0, 392936, 'Wrath and Fury', 'inv_sword_2h_artifactarathor_d_03.jpg'),
  ('Warrior', 'Fury', '', 'spec', 138, 8, 6, 2, 0, 383295, 'Deft Experience', 'inv_misc_book_07.jpg'),
  ('Warrior', 'Fury', '', 'spec', 142, 8, 10, 1, 0, 335077, 'Frenzy', 'ability_rogue_bloodyeye.jpg'),
  ('Warrior', 'Fury', '', 'spec', 146, 8, 14, 2, 0, 383297, 'Critical Thinking', 'ability_criticalstrike.jpg'),
  ('Warrior', 'Fury', '', 'spec', 155, 9, 4, 1, 0, 383885, 'Vicious Contempt', 'ability_ironmaidens_sorkasprey.jpg'),
  ('Warrior', 'Fury', '', 'spec', 159, 9, 8, 1, 0, 385059, 'Odyn''s Fury', 'inv_sword_1h_artifactvigfus_d_01.jpg'),
  ('Warrior', 'Fury', '', 'spec', 163, 9, 12, 1, 0, 385703, 'Bloodborne', 'inv_artifact_bloodoftheassassinated.jpg'),
  ('Warrior', 'Fury', '', 'spec', 167, 9, 16, 1, 0, 1265359, 'Surge of Adrenaline', 'inv_1115_warrior_fasterreflexes.jpg'),
  ('Warrior', 'Fury', '', 'spec', 176, 10, 6, 1, 0, 1265570, 'Executioner''s Wrath', 'inv_12_nonmasculinecharacter_human.jpg'),
  ('Warrior', 'Fury', '', 'spec', 180, 10, 10, 1, 0, 396749, 'Reckless Abandon', 'spell_fire_incinerate.jpg'),
  ('Warrior', 'Fury', '', 'spec', 184, 10, 14, 1, 0, 107574, 'Bladestorm', 'warrior_talent_icon_avatar.jpg'),
  ('Warrior', 'Fury', '', 'spec', 199, 11, 10, 4, 0, 1269308, 'Rampaging Berserker', 'inv12_apextalent_warrior_rampagingberserker2.jpg'),
  ('Warrior', 'Fury', 'Mountain Thane', 'hero', 9, 1, 10, 1, 0, 434969, 'Lightning Strikes', 'ability_vehicle_electrocharge.jpg'),
  ('Warrior', 'Fury', 'Mountain Thane', 'hero', 25, 2, 7, 1, 0, 436707, 'Crashing Thunder', 'spell_nature_thunderclap.jpg'),
  ('Warrior', 'Fury', 'Mountain Thane', 'hero', 27, 2, 9, 1, 0, 436148, 'Ground Current', 'warrior_talent_icon_thunderstruck.jpg'),
  ('Warrior', 'Fury', 'Mountain Thane', 'hero', 29, 2, 11, 1, 0, 437068, 'Strength of the Mountain', 'ability_warrior_titansgrip.jpg'),
  ('Warrior', 'Fury', 'Mountain Thane', 'hero', 31, 2, 13, 1, 0, 275336, 'Storm Surge', 'ability_racial_avatar.jpg'),
  ('Warrior', 'Fury', 'Mountain Thane', 'hero', 44, 3, 7, 1, 0, 435607, 'Thunder Blast', 'warrior_talent_icon_bloodandthunder.jpg'),
  ('Warrior', 'Fury', 'Mountain Thane', 'hero', 46, 3, 9, 1, 0, 436162, 'Storm Shield', 'warrior_talent_icon_stormbolt.jpg'),
  ('Warrior', 'Fury', 'Mountain Thane', 'hero', 48, 3, 11, 1, 0, 438590, 'Steadfast as the Peaks', 'ability_thunderking_overcharge.jpg'),
  ('Warrior', 'Fury', 'Mountain Thane', 'hero', 50, 3, 13, 1, 0, 1270723, 'Conductivity', 'spell_shaman_thunderstorm.jpg'),
  ('Warrior', 'Fury', 'Mountain Thane', 'hero', 63, 4, 7, 1, 0, 437079, 'Snap Induction', 'spell_lightning_lightningbolt01.jpg'),
  ('Warrior', 'Fury', 'Mountain Thane', 'hero', 65, 4, 9, 1, 0, 436201, 'Thorim''s Might', 'spell_nature_stormreach.jpg'),
  ('Warrior', 'Fury', 'Mountain Thane', 'hero', 67, 4, 11, 1, 0, 437118, 'Burst of Power', 'shaman_pvp_thundercharge.jpg'),
  ('Warrior', 'Fury', 'Mountain Thane', 'hero', 69, 4, 13, 1, 0, 1270724, 'Capacitance', 'spell_nature_purge.jpg'),
  ('Warrior', 'Fury', 'Mountain Thane', 'hero', 85, 5, 10, 1, 0, 437134, 'Avatar of the Storm', 'achievement_dungeon_blackrockcaverns_ascendantlordobsidius.jpg');

INSERT INTO `talent_tree_connections`
  (`class_name`, `spec_name`, `hero_name`, `tree_type`,
   `from_cell`, `to_cell`)
VALUES
  ('Warrior', 'Fury', '', 'class', 5, 22),
  ('Warrior', 'Fury', '', 'class', 5, 26),
  ('Warrior', 'Fury', '', 'class', 13, 30),
  ('Warrior', 'Fury', '', 'class', 13, 34),
  ('Warrior', 'Fury', '', 'class', 22, 43),
  ('Warrior', 'Fury', '', 'class', 26, 43),
  ('Warrior', 'Fury', '', 'class', 26, 47),
  ('Warrior', 'Fury', '', 'class', 30, 47),
  ('Warrior', 'Fury', '', 'class', 30, 49),
  ('Warrior', 'Fury', '', 'class', 30, 51),
  ('Warrior', 'Fury', '', 'class', 34, 51),
  ('Warrior', 'Fury', '', 'class', 22, 60),
  ('Warrior', 'Fury', '', 'class', 43, 60),
  ('Warrior', 'Fury', '', 'class', 43, 62),
  ('Warrior', 'Fury', '', 'class', 26, 64),
  ('Warrior', 'Fury', '', 'class', 43, 64),
  ('Warrior', 'Fury', '', 'class', 47, 64),
  ('Warrior', 'Fury', '', 'class', 47, 66),
  ('Warrior', 'Fury', '', 'class', 47, 68),
  ('Warrior', 'Fury', '', 'class', 51, 68),
  ('Warrior', 'Fury', '', 'class', 34, 72),
  ('Warrior', 'Fury', '', 'class', 51, 72),
  ('Warrior', 'Fury', '', 'class', 60, 81),
  ('Warrior', 'Fury', '', 'class', 64, 81),
  ('Warrior', 'Fury', '', 'class', 64, 83),
  ('Warrior', 'Fury', '', 'class', 64, 85),
  ('Warrior', 'Fury', '', 'class', 68, 85),
  ('Warrior', 'Fury', '', 'class', 68, 87),
  ('Warrior', 'Fury', '', 'class', 68, 89),
  ('Warrior', 'Fury', '', 'class', 72, 89),
  ('Warrior', 'Fury', '', 'class', 60, 98),
  ('Warrior', 'Fury', '', 'class', 81, 98),
  ('Warrior', 'Fury', '', 'class', 81, 100),
  ('Warrior', 'Fury', '', 'class', 81, 102),
  ('Warrior', 'Fury', '', 'class', 85, 102),
  ('Warrior', 'Fury', '', 'class', 85, 106),
  ('Warrior', 'Fury', '', 'class', 89, 106),
  ('Warrior', 'Fury', '', 'class', 72, 110),
  ('Warrior', 'Fury', '', 'class', 89, 110),
  ('Warrior', 'Fury', '', 'class', 98, 119),
  ('Warrior', 'Fury', '', 'class', 102, 119),
  ('Warrior', 'Fury', '', 'class', 102, 123),
  ('Warrior', 'Fury', '', 'class', 106, 123),
  ('Warrior', 'Fury', '', 'class', 106, 127),
  ('Warrior', 'Fury', '', 'class', 110, 127),
  ('Warrior', 'Fury', '', 'class', 119, 136),
  ('Warrior', 'Fury', '', 'class', 119, 140),
  ('Warrior', 'Fury', '', 'class', 123, 140),
  ('Warrior', 'Fury', '', 'class', 123, 144),
  ('Warrior', 'Fury', '', 'class', 127, 144),
  ('Warrior', 'Fury', '', 'class', 127, 148),
  ('Warrior', 'Fury', '', 'class', 136, 157),
  ('Warrior', 'Fury', '', 'class', 140, 157),
  ('Warrior', 'Fury', '', 'class', 140, 161),
  ('Warrior', 'Fury', '', 'class', 144, 161),
  ('Warrior', 'Fury', '', 'class', 144, 165),
  ('Warrior', 'Fury', '', 'class', 148, 165),
  ('Warrior', 'Fury', '', 'class', 157, 174),
  ('Warrior', 'Fury', '', 'class', 157, 178),
  ('Warrior', 'Fury', '', 'class', 161, 178),
  ('Warrior', 'Fury', '', 'class', 161, 182),
  ('Warrior', 'Fury', '', 'class', 165, 182),
  ('Warrior', 'Fury', '', 'class', 165, 186),
  ('Warrior', 'Fury', '', 'spec', 9, 28),
  ('Warrior', 'Fury', '', 'spec', 28, 43),
  ('Warrior', 'Fury', '', 'spec', 28, 47),
  ('Warrior', 'Fury', '', 'spec', 28, 51),
  ('Warrior', 'Fury', '', 'spec', 43, 60),
  ('Warrior', 'Fury', '', 'spec', 43, 64),
  ('Warrior', 'Fury', '', 'spec', 47, 64),
  ('Warrior', 'Fury', '', 'spec', 47, 68),
  ('Warrior', 'Fury', '', 'spec', 51, 68),
  ('Warrior', 'Fury', '', 'spec', 51, 72),
  ('Warrior', 'Fury', '', 'spec', 60, 79),
  ('Warrior', 'Fury', '', 'spec', 60, 81),
  ('Warrior', 'Fury', '', 'spec', 64, 81),
  ('Warrior', 'Fury', '', 'spec', 64, 83),
  ('Warrior', 'Fury', '', 'spec', 64, 85),
  ('Warrior', 'Fury', '', 'spec', 68, 85),
  ('Warrior', 'Fury', '', 'spec', 68, 89),
  ('Warrior', 'Fury', '', 'spec', 72, 89),
  ('Warrior', 'Fury', '', 'spec', 72, 91),
  ('Warrior', 'Fury', '', 'spec', 79, 98),
  ('Warrior', 'Fury', '', 'spec', 81, 98),
  ('Warrior', 'Fury', '', 'spec', 81, 100),
  ('Warrior', 'Fury', '', 'spec', 85, 102),
  ('Warrior', 'Fury', '', 'spec', 85, 104),
  ('Warrior', 'Fury', '', 'spec', 85, 106),
  ('Warrior', 'Fury', '', 'spec', 89, 108),
  ('Warrior', 'Fury', '', 'spec', 89, 110),
  ('Warrior', 'Fury', '', 'spec', 91, 110),
  ('Warrior', 'Fury', '', 'spec', 100, 117),
  ('Warrior', 'Fury', '', 'spec', 100, 121),
  ('Warrior', 'Fury', '', 'spec', 102, 121),
  ('Warrior', 'Fury', '', 'spec', 102, 123),
  ('Warrior', 'Fury', '', 'spec', 104, 123),
  ('Warrior', 'Fury', '', 'spec', 106, 123),
  ('Warrior', 'Fury', '', 'spec', 106, 125),
  ('Warrior', 'Fury', '', 'spec', 108, 125),
  ('Warrior', 'Fury', '', 'spec', 108, 129),
  ('Warrior', 'Fury', '', 'spec', 117, 138),
  ('Warrior', 'Fury', '', 'spec', 121, 138),
  ('Warrior', 'Fury', '', 'spec', 121, 142),
  ('Warrior', 'Fury', '', 'spec', 123, 142),
  ('Warrior', 'Fury', '', 'spec', 125, 142),
  ('Warrior', 'Fury', '', 'spec', 125, 146),
  ('Warrior', 'Fury', '', 'spec', 129, 146),
  ('Warrior', 'Fury', '', 'spec', 138, 155),
  ('Warrior', 'Fury', '', 'spec', 138, 159),
  ('Warrior', 'Fury', '', 'spec', 142, 159),
  ('Warrior', 'Fury', '', 'spec', 142, 163),
  ('Warrior', 'Fury', '', 'spec', 146, 163),
  ('Warrior', 'Fury', '', 'spec', 146, 167),
  ('Warrior', 'Fury', '', 'spec', 155, 176),
  ('Warrior', 'Fury', '', 'spec', 159, 176),
  ('Warrior', 'Fury', '', 'spec', 159, 180),
  ('Warrior', 'Fury', '', 'spec', 163, 180),
  ('Warrior', 'Fury', '', 'spec', 163, 184),
  ('Warrior', 'Fury', '', 'spec', 167, 184),
  ('Warrior', 'Fury', 'Mountain Thane', 'hero', 9, 25),
  ('Warrior', 'Fury', 'Mountain Thane', 'hero', 9, 27),
  ('Warrior', 'Fury', 'Mountain Thane', 'hero', 9, 29),
  ('Warrior', 'Fury', 'Mountain Thane', 'hero', 9, 31),
  ('Warrior', 'Fury', 'Mountain Thane', 'hero', 25, 44),
  ('Warrior', 'Fury', 'Mountain Thane', 'hero', 27, 46),
  ('Warrior', 'Fury', 'Mountain Thane', 'hero', 29, 48),
  ('Warrior', 'Fury', 'Mountain Thane', 'hero', 31, 50),
  ('Warrior', 'Fury', 'Mountain Thane', 'hero', 44, 63),
  ('Warrior', 'Fury', 'Mountain Thane', 'hero', 46, 65),
  ('Warrior', 'Fury', 'Mountain Thane', 'hero', 48, 67),
  ('Warrior', 'Fury', 'Mountain Thane', 'hero', 50, 69),
  ('Warrior', 'Fury', 'Mountain Thane', 'hero', 63, 85),
  ('Warrior', 'Fury', 'Mountain Thane', 'hero', 65, 85),
  ('Warrior', 'Fury', 'Mountain Thane', 'hero', 67, 85),
  ('Warrior', 'Fury', 'Mountain Thane', 'hero', 69, 85);

INSERT INTO `talent_spells`
  (`spell_id`, `spell_name`, `class_name`, `spec_name`, `hero_name`,
   `tree_type`, `status`, `notes`)
VALUES
  (386196, 'Berserker Stance', 'Warrior', 'Fury', '', 'class', 'nyi', NULL),
  (386208, 'Defensive Stance', 'Warrior', 'Fury', '', 'class', 'nyi', NULL),
  (382260, 'Fast Footwork', 'Warrior', 'Fury', '', 'class', 'nyi', NULL),
  (262231, 'War Machine', 'Warrior', 'Fury', '', 'class', 'nyi', NULL),
  (6343, 'Thunder Clap', 'Warrior', 'Fury', '', 'class', 'nyi', NULL),
  (382258, 'Leeching Strikes', 'Warrior', 'Fury', '', 'class', 'nyi', NULL),
  (202168, 'Impending Victory', 'Warrior', 'Fury', '', 'class', 'nyi', NULL),
  (6544, 'Heroic Leap', 'Warrior', 'Fury', '', 'class', 'nyi', NULL),
  (203201, 'Crackling Thunder', 'Warrior', 'Fury', '', 'class', 'nyi', NULL),
  (107570, 'Storm Bolt', 'Warrior', 'Fury', '', 'class', 'nyi', NULL),
  (772, 'Rend', 'Warrior', 'Fury', '', 'class', 'nyi', NULL),
  (29838, 'Second Wind', 'Warrior', 'Fury', '', 'class', 'nyi', NULL),
  (392792, 'Frothing Berserker', 'Warrior', 'Fury', '', 'class', 'nyi', NULL),
  (202163, 'Bounding Stride', 'Warrior', 'Fury', '', 'class', 'nyi', NULL),
  (382549, 'Pain and Gain', 'Warrior', 'Fury', '', 'class', 'nyi', NULL),
  (3411, 'Interpose', 'Warrior', 'Fury', '', 'class', 'nyi', NULL),
  (1244088, 'Interpose', 'Warrior', 'Fury', '', 'class', 'nyi', NULL),
  (46968, 'Shockwave', 'Warrior', 'Fury', '', 'class', 'nyi', NULL),
  (382767, 'Overwhelming Rage', 'Warrior', 'Fury', '', 'class', 'nyi', NULL),
  (97462, 'Rallying Cry', 'Warrior', 'Fury', '', 'class', 'nyi', NULL),
  (1271926, 'Field Dressing', 'Warrior', 'Fury', '', 'class', 'nyi', NULL),
  (23920, 'Spell Reflection', 'Warrior', 'Fury', '', 'class', 'nyi', NULL),
  (384110, 'Shattering Throw', 'Warrior', 'Fury', '', 'class', 'nyi', NULL),
  (64382, 'Shattering Throw', 'Warrior', 'Fury', '', 'class', 'nyi', NULL),
  (275339, 'Rumbling Earth', 'Warrior', 'Fury', '', 'class', 'nyi', NULL),
  (384100, 'Fearless', 'Warrior', 'Fury', '', 'class', 'nyi', NULL),
  (1271925, 'Fearless', 'Warrior', 'Fury', '', 'class', 'nyi', NULL),
  (5246, 'Piercing Howl', 'Warrior', 'Fury', '', 'class', 'nyi', NULL),
  (12323, 'Piercing Howl', 'Warrior', 'Fury', '', 'class', 'nyi', NULL),
  (391271, 'Honed Reflexes', 'Warrior', 'Fury', '', 'class', 'nyi', NULL),
  (384124, 'Armored to the Teeth', 'Warrior', 'Fury', '', 'class', 'nyi', NULL),
  (103827, 'Double Time', 'Warrior', 'Fury', '', 'class', 'nyi', NULL),
  (382939, 'Reinforced Plates', 'Warrior', 'Fury', '', 'class', 'nyi', NULL),
  (383082, 'Barbaric Training', 'Warrior', 'Fury', '', 'class', 'nyi', NULL),
  (1271948, 'Javelineer', 'Warrior', 'Fury', '', 'class', 'nyi', NULL),
  (1243660, 'Resonant Voice', 'Warrior', 'Fury', '', 'class', 'nyi', NULL),
  (382764, 'Crushing Force', 'Warrior', 'Fury', '', 'class', 'nyi', NULL),
  (392777, 'Cruel Strikes', 'Warrior', 'Fury', '', 'class', 'nyi', NULL),
  (382900, 'Dual Wield Specialization', 'Warrior', 'Fury', '', 'class', 'nyi', NULL),
  (382946, 'Wild Strikes', 'Warrior', 'Fury', '', 'class', 'nyi', NULL),
  (152278, 'Anger Management', 'Warrior', 'Fury', '', 'class', 'nyi', NULL),
  (376079, 'Champion''s Spear', 'Warrior', 'Fury', '', 'class', 'nyi', NULL),
  (1280961, 'Stance Mastery', 'Warrior', 'Fury', '', 'class', 'nyi', NULL),
  (424742, 'Battlefield Commander', 'Warrior', 'Fury', '', 'class', 'nyi', NULL),
  (23881, 'Bloodthirst', 'Warrior', 'Fury', '', 'spec', 'nyi', NULL),
  (85288, 'Raging Blow', 'Warrior', 'Fury', '', 'spec', 'nyi', NULL),
  (29725, 'Sudden Death', 'Warrior', 'Fury', '', 'spec', 'nyi', NULL),
  (383848, 'Powerful Enrage', 'Warrior', 'Fury', '', 'spec', 'nyi', NULL),
  (440277, 'Powerful Enrage', 'Warrior', 'Fury', '', 'spec', 'nyi', NULL),
  (316402, 'Improved Execute', 'Warrior', 'Fury', '', 'spec', 'nyi', NULL),
  (383486, 'Focus in Chaos', 'Warrior', 'Fury', '', 'spec', 'nyi', NULL),
  (184364, 'Enraged Regeneration', 'Warrior', 'Fury', '', 'spec', 'nyi', NULL),
  (208154, 'Warpaint', 'Warrior', 'Fury', '', 'spec', 'nyi', NULL),
  (12950, 'Improved Whirlwind', 'Warrior', 'Fury', '', 'spec', 'nyi', NULL),
  (206315, 'Massacre', 'Warrior', 'Fury', '', 'spec', 'nyi', NULL),
  (215568, 'Fresh Meat', 'Warrior', 'Fury', '', 'spec', 'nyi', NULL),
  (383468, 'Invigorating Fury', 'Warrior', 'Fury', '', 'spec', 'nyi', NULL),
  (184367, 'Rampage', 'Warrior', 'Fury', '', 'spec', 'nyi', NULL),
  (383854, 'Improved Raging Blow', 'Warrior', 'Fury', '', 'spec', 'nyi', NULL),
  (1265357, 'Rampaging Ruin', 'Warrior', 'Fury', '', 'spec', 'nyi', NULL),
  (1261060, 'Deep Wounds', 'Warrior', 'Fury', '', 'spec', 'nyi', NULL),
  (383852, 'Spite', 'Warrior', 'Fury', '', 'spec', 'nyi', NULL),
  (1265355, 'Scent of Blood', 'Warrior', 'Fury', '', 'spec', 'nyi', NULL),
  (1265361, 'Kill or Be Killed', 'Warrior', 'Fury', '', 'spec', 'nyi', NULL),
  (383877, 'Hack and Slash', 'Warrior', 'Fury', '', 'spec', 'nyi', NULL),
  (392931, 'Cruelty', 'Warrior', 'Fury', '', 'spec', 'nyi', NULL),
  (280392, 'Meat Cleaver', 'Warrior', 'Fury', '', 'spec', 'nyi', NULL),
  (383959, 'Cold Steel, Hot Blood', 'Warrior', 'Fury', '', 'spec', 'nyi', NULL),
  (1265356, 'Ragedrinker', 'Warrior', 'Fury', '', 'spec', 'nyi', NULL),
  (1719, 'Recklessness', 'Warrior', 'Fury', '', 'spec', 'nyi', NULL),
  (393950, 'Bloodcraze', 'Warrior', 'Fury', '', 'spec', 'nyi', NULL),
  (392936, 'Wrath and Fury', 'Warrior', 'Fury', '', 'spec', 'nyi', NULL),
  (383295, 'Deft Experience', 'Warrior', 'Fury', '', 'spec', 'nyi', NULL),
  (335077, 'Frenzy', 'Warrior', 'Fury', '', 'spec', 'nyi', NULL),
  (383297, 'Critical Thinking', 'Warrior', 'Fury', '', 'spec', 'nyi', NULL),
  (383885, 'Vicious Contempt', 'Warrior', 'Fury', '', 'spec', 'nyi', NULL),
  (385059, 'Odyn''s Fury', 'Warrior', 'Fury', '', 'spec', 'nyi', NULL),
  (385703, 'Bloodborne', 'Warrior', 'Fury', '', 'spec', 'nyi', NULL),
  (1265359, 'Surge of Adrenaline', 'Warrior', 'Fury', '', 'spec', 'nyi', NULL),
  (1265570, 'Executioner''s Wrath', 'Warrior', 'Fury', '', 'spec', 'nyi', NULL),
  (396749, 'Reckless Abandon', 'Warrior', 'Fury', '', 'spec', 'nyi', NULL),
  (107574, 'Bladestorm', 'Warrior', 'Fury', '', 'spec', 'nyi', NULL),
  (227847, 'Bladestorm', 'Warrior', 'Fury', '', 'spec', 'nyi', NULL),
  (1269308, 'Rampaging Berserker', 'Warrior', 'Fury', '', 'spec', 'nyi', NULL),
  (434969, 'Lightning Strikes', 'Warrior', 'Fury', 'Mountain Thane', 'hero', 'nyi', NULL),
  (436707, 'Crashing Thunder', 'Warrior', 'Fury', 'Mountain Thane', 'hero', 'nyi', NULL),
  (436148, 'Ground Current', 'Warrior', 'Fury', 'Mountain Thane', 'hero', 'nyi', NULL),
  (437068, 'Strength of the Mountain', 'Warrior', 'Fury', 'Mountain Thane', 'hero', 'nyi', NULL),
  (275336, 'Storm Surge', 'Warrior', 'Fury', 'Mountain Thane', 'hero', 'nyi', NULL),
  (435607, 'Thunder Blast', 'Warrior', 'Fury', 'Mountain Thane', 'hero', 'nyi', NULL),
  (436162, 'Storm Shield', 'Warrior', 'Fury', 'Mountain Thane', 'hero', 'nyi', NULL),
  (438597, 'Storm Shield', 'Warrior', 'Fury', 'Mountain Thane', 'hero', 'nyi', NULL),
  (438590, 'Steadfast as the Peaks', 'Warrior', 'Fury', 'Mountain Thane', 'hero', 'nyi', NULL),
  (434970, 'Steadfast As The Peaks', 'Warrior', 'Fury', 'Mountain Thane', 'hero', 'nyi', NULL),
  (1270723, 'Conductivity', 'Warrior', 'Fury', 'Mountain Thane', 'hero', 'nyi', NULL),
  (437079, 'Snap Induction', 'Warrior', 'Fury', 'Mountain Thane', 'hero', 'nyi', NULL),
  (456270, 'Snap Induction', 'Warrior', 'Fury', 'Mountain Thane', 'hero', 'nyi', NULL),
  (436201, 'Thorim''s Might', 'Warrior', 'Fury', 'Mountain Thane', 'hero', 'nyi', NULL),
  (436152, 'Thorims Might', 'Warrior', 'Fury', 'Mountain Thane', 'hero', 'nyi', NULL),
  (437118, 'Burst of Power', 'Warrior', 'Fury', 'Mountain Thane', 'hero', 'nyi', NULL),
  (1270724, 'Capacitance', 'Warrior', 'Fury', 'Mountain Thane', 'hero', 'nyi', NULL),
  (437134, 'Avatar of the Storm', 'Warrior', 'Fury', 'Mountain Thane', 'hero', 'nyi', NULL)
AS _new
ON DUPLICATE KEY UPDATE
  `spell_name` = _new.`spell_name`;

