-- Auto-generated by parse_raw.ps1 from raw_warrior_protection_colossus.txt -- do not edit by hand.

USE `spellhell_tracker`;

DELETE FROM `talent_tree_connections` WHERE `class_name`='Warrior' AND `spec_name`='Protection' AND (`hero_name`='' OR `hero_name`='Colossus');
DELETE FROM `talent_tree_nodes` WHERE `class_name`='Warrior' AND `spec_name`='Protection' AND (`hero_name`='' OR `hero_name`='Colossus');

INSERT INTO `talent_tree_nodes`
  (`class_name`, `spec_name`, `hero_name`, `tree_type`,
   `cell_id`, `row_pos`, `col_pos`, `max_rank`, `is_gate`,
   `spell_id`, `node_name`, `icon_name`)
VALUES
  ('Warrior', 'Protection', '', 'class', 5, 1, 6, 1, 0, 386164, 'Battle Stance', 'ability_warrior_offensivestance.jpg'),
  ('Warrior', 'Protection', '', 'class', 13, 1, 14, 1, 0, 386208, 'Defensive Stance', 'ability_warrior_defensivestance.jpg'),
  ('Warrior', 'Protection', '', 'class', 22, 2, 4, 1, 0, 382260, 'Fast Footwork', 'ability_hunter_posthaste.jpg'),
  ('Warrior', 'Protection', '', 'class', 26, 2, 8, 1, 0, 262231, 'War Machine', 'ability_hunter_rapidkilling.jpg'),
  ('Warrior', 'Protection', '', 'class', 30, 2, 12, 1, 0, 6343, 'Thunder Clap', 'spell_nature_thunderclap.jpg'),
  ('Warrior', 'Protection', '', 'class', 34, 2, 16, 1, 0, 382258, 'Leeching Strikes', 'inv_artifact_bloodoftheassassinated.jpg'),
  ('Warrior', 'Protection', '', 'class', 43, 3, 6, 1, 0, 202168, 'Impending Victory', 'spell_impending_victory.jpg'),
  ('Warrior', 'Protection', '', 'class', 47, 3, 10, 1, 0, 6544, 'Heroic Leap', 'ability_heroicleap.jpg'),
  ('Warrior', 'Protection', '', 'class', 49, 3, 12, 1, 0, 203201, 'Crackling Thunder', 'ability_thunderking_overcharge.jpg'),
  ('Warrior', 'Protection', '', 'class', 51, 3, 14, 1, 0, 107570, 'Storm Bolt', 'warrior_talent_icon_stormbolt.jpg'),
  ('Warrior', 'Protection', '', 'class', 60, 4, 4, 1, 0, 772, 'Rend', 'ability_gouge.jpg'),
  ('Warrior', 'Protection', '', 'class', 62, 4, 6, 1, 0, 29838, 'Second Wind', 'ability_hunter_harass.jpg'),
  ('Warrior', 'Protection', '', 'class', 64, 4, 8, 1, 0, 392792, 'Frothing Berserker', 'warrior_talent_icon_furyintheblood.jpg'),
  ('Warrior', 'Protection', '', 'class', 66, 4, 10, 1, 0, 202163, 'Bounding Stride', 'ability_heroicleap.jpg'),
  ('Warrior', 'Protection', '', 'class', 68, 4, 12, 1, 0, 382549, 'Pain and Gain', 'spell_holy_painsupression.jpg'),
  ('Warrior', 'Protection', '', 'class', 72, 4, 16, 1, 0, 3411, 'Intervene', 'ability_warrior_victoryrush.jpg'),
  ('Warrior', 'Protection', '', 'class', 81, 5, 6, 1, 0, 46968, 'Shockwave', 'ability_warrior_shockwave.jpg'),
  ('Warrior', 'Protection', '', 'class', 83, 5, 8, 1, 0, 382767, 'Overwhelming Rage', 'racial_orc_berserkerstrength.jpg'),
  ('Warrior', 'Protection', '', 'class', 85, 5, 10, 1, 0, 97462, 'Rallying Cry', 'ability_warrior_rallyingcry.jpg'),
  ('Warrior', 'Protection', '', 'class', 87, 5, 12, 1, 0, 1271926, 'Field Dressing', 'inv_misc_bandage_08.jpg'),
  ('Warrior', 'Protection', '', 'class', 89, 5, 14, 1, 0, 23920, 'Spell Reflection', 'ability_warrior_shieldreflection.jpg'),
  ('Warrior', 'Protection', '', 'class', 98, 6, 4, 1, 0, 384110, 'Shattering Throw', 'warrior_talent_icon_mastercleaver.jpg'),
  ('Warrior', 'Protection', '', 'class', 100, 6, 6, 1, 0, 275339, 'Rumbling Earth', 'spell_shaman_earthquake.jpg'),
  ('Warrior', 'Protection', '', 'class', 102, 6, 8, 1, 0, 384100, 'Fearless', 'spell_nature_ancestralguardian.jpg'),
  ('Warrior', 'Protection', '', 'class', 106, 6, 12, 1, 0, 5246, 'Piercing Howl', 'ability_golemthunderclap.jpg'),
  ('Warrior', 'Protection', '', 'class', 110, 6, 16, 1, 0, 391271, 'Honed Reflexes', 'spell_holy_borrowedtime.jpg'),
  ('Warrior', 'Protection', '', 'class', 119, 7, 6, 2, 0, 384124, 'Armored to the Teeth', 'inv_shoulder_22.jpg'),
  ('Warrior', 'Protection', '', 'class', 123, 7, 10, 1, 0, 103827, 'Double Time', 'inv_misc_horn_04.jpg'),
  ('Warrior', 'Protection', '', 'class', 127, 7, 14, 2, 0, 382939, 'Reinforced Plates', 'inv_chest_plate04.jpg'),
  ('Warrior', 'Protection', '', 'class', 136, 8, 4, 1, 0, 383082, 'Barbaric Training', 'ability_garrosh_whirling_corruption.jpg'),
  ('Warrior', 'Protection', '', 'class', 140, 8, 8, 1, 0, 1271948, 'Javelineer', 'inv_spear_01.jpg'),
  ('Warrior', 'Protection', '', 'class', 144, 8, 12, 1, 0, 1243660, 'Resonant Voice', 'warrior_disruptingshout.jpg'),
  ('Warrior', 'Protection', '', 'class', 148, 8, 16, 1, 0, 382764, 'Crushing Force', 'spell_shadow_unholystrength.jpg'),
  ('Warrior', 'Protection', '', 'class', 157, 9, 6, 2, 0, 392777, 'Cruel Strikes', 'ability_criticalstrike.jpg'),
  ('Warrior', 'Protection', '', 'class', 161, 9, 10, 2, 0, 382895, 'One-Handed Weapon Specialization', 'inv_sword_20.jpg'),
  ('Warrior', 'Protection', '', 'class', 165, 9, 14, 2, 0, 382946, 'Wild Strikes', 'ability_rogue_sprint.jpg'),
  ('Warrior', 'Protection', '', 'class', 174, 10, 4, 1, 0, 152278, 'Anger Management', 'warrior_talent_icon_angermanagement.jpg'),
  ('Warrior', 'Protection', '', 'class', 178, 10, 8, 1, 0, 376079, 'Champion''s Spear', 'inv_ability_warrior_championsspear.jpg'),
  ('Warrior', 'Protection', '', 'class', 182, 10, 12, 1, 0, 1280961, 'Stance Mastery', 'crest_warrior.jpg'),
  ('Warrior', 'Protection', '', 'class', 186, 10, 16, 1, 0, 424742, 'Battlefield Commander', 'ability_warrior_commandingshout.jpg'),
  ('Warrior', 'Protection', '', 'spec', 9, 1, 10, 1, 0, 190456, 'Ignore Pain', 'ability_warrior_renewedvigor.jpg'),
  ('Warrior', 'Protection', '', 'spec', 26, 2, 8, 1, 0, 1160, 'Demoralizing Shout', 'ability_warrior_warcry.jpg'),
  ('Warrior', 'Protection', '', 'spec', 30, 2, 12, 1, 0, 6572, 'Revenge', 'ability_warrior_revenge.jpg'),
  ('Warrior', 'Protection', '', 'spec', 43, 3, 6, 1, 0, 386030, 'Brace For Impact', 'ability_warrior_shieldguard.jpg'),
  ('Warrior', 'Protection', '', 'spec', 46, 3, 9, 1, 0, 1234769, 'Armor Specialization', 'inv_chest_plate05.jpg'),
  ('Warrior', 'Protection', '', 'spec', 48, 3, 11, 1, 0, 452494, 'Fight Through the Flames', 'ability_racial_foregedinflames.jpg'),
  ('Warrior', 'Protection', '', 'spec', 51, 3, 14, 1, 0, 236279, 'Devastator', 'inv_sword_11.jpg'),
  ('Warrior', 'Protection', '', 'spec', 64, 4, 8, 1, 0, 386071, 'Disrupting Shout', 'ability_bullrush.jpg'),
  ('Warrior', 'Protection', '', 'spec', 66, 4, 10, 1, 0, 384041, 'Strategist', 'inv_shield_05.jpg'),
  ('Warrior', 'Protection', '', 'spec', 68, 4, 12, 1, 0, 1264330, 'Devastating Focus', 'spell_hunter_focusingshot.jpg'),
  ('Warrior', 'Protection', '', 'spec', 81, 5, 6, 1, 0, 384036, 'Brutal Vitality', 'ability_warrior_renewedvigor.jpg'),
  ('Warrior', 'Protection', '', 'spec', 83, 5, 8, 1, 0, 394311, 'Instigate', 'ability_rogue_dismantle.jpg'),
  ('Warrior', 'Protection', '', 'spec', 85, 5, 10, 1, 0, 871, 'Shield Wall', 'ability_warrior_shieldwall.jpg'),
  ('Warrior', 'Protection', '', 'spec', 87, 5, 12, 1, 0, 384361, 'Bloodsurge', 'ability_warrior_bloodsurge.jpg'),
  ('Warrior', 'Protection', '', 'spec', 89, 5, 14, 1, 0, 202560, 'Best Served Cold', 'ability_warrior_revenge.jpg'),
  ('Warrior', 'Protection', '', 'spec', 98, 6, 4, 1, 0, 1235023, 'Hunker Down', 'inv_helm_armor_bloodelf_d_01.jpg'),
  ('Warrior', 'Protection', '', 'spec', 100, 6, 6, 1, 0, 385840, 'Thunderlord', 'ability_vehicle_electrocharge.jpg'),
  ('Warrior', 'Protection', '', 'spec', 102, 6, 8, 1, 0, 397103, 'Impenetrable Wall', 'ability_warrior_stalwartprotector.jpg'),
  ('Warrior', 'Protection', '', 'spec', 104, 6, 10, 1, 0, 1243659, 'Last Stand', 'spell_holy_ashestoashes.jpg'),
  ('Warrior', 'Protection', '', 'spec', 106, 6, 12, 1, 0, 385704, 'Sudden Death', 'inv_artifact_bloodoftheassassinated.jpg'),
  ('Warrior', 'Protection', '', 'spec', 108, 6, 14, 1, 0, 275334, 'Punish', 'ability_deathknight_sanguinfortitude.jpg'),
  ('Warrior', 'Protection', '', 'spec', 117, 7, 4, 1, 0, 385888, 'Tough as Nails', 'inv_titanium_shield_spike.jpg'),
  ('Warrior', 'Protection', '', 'spec', 119, 7, 6, 1, 0, 383103, 'Fueled by Violence', 'ability_demonhunter_bloodlet.jpg'),
  ('Warrior', 'Protection', '', 'spec', 123, 7, 10, 2, 0, 386027, 'Enduring Defenses', 'ability_defend.jpg'),
  ('Warrior', 'Protection', '', 'spec', 127, 7, 14, 1, 0, 1235047, 'Unyielding Stance', 'ability_warrior_defensivestance.jpg'),
  ('Warrior', 'Protection', '', 'spec', 129, 7, 16, 1, 0, 1261060, 'Deep Wounds', 'ability_backstab.jpg'),
  ('Warrior', 'Protection', '', 'spec', 138, 8, 6, 1, 0, 203177, 'Into the Fray', 'inv_shield_32.jpg'),
  ('Warrior', 'Protection', '', 'spec', 140, 8, 8, 1, 0, 384067, 'Focused Vigor', 'spell_nature_strength.jpg'),
  ('Warrior', 'Protection', '', 'spec', 142, 8, 10, 1, 0, 386011, 'Shield Specialization', 'inv_shield_76.jpg'),
  ('Warrior', 'Protection', '', 'spec', 144, 8, 12, 1, 0, 384063, 'Enduring Alacrity', 'spell_nature_unyeildingstamina.jpg'),
  ('Warrior', 'Protection', '', 'spec', 146, 8, 14, 1, 0, 107574, 'Avatar', 'warrior_talent_icon_avatar.jpg'),
  ('Warrior', 'Protection', '', 'spec', 155, 9, 4, 1, 0, 281001, 'Massacre', 'inv_axe_2h_orcwarrior_c_01.jpg'),
  ('Warrior', 'Protection', '', 'spec', 159, 9, 8, 1, 0, 202743, 'Booming Voice', 'ability_warrior_commandingshout.jpg'),
  ('Warrior', 'Protection', '', 'spec', 161, 9, 10, 1, 0, 202095, 'Indomitable', 'ability_warrior_intensifyrage.jpg'),
  ('Warrior', 'Protection', '', 'spec', 163, 9, 12, 1, 0, 386477, 'Violent Outburst', 'ability_warrior_furiousresolve.jpg'),
  ('Warrior', 'Protection', '', 'spec', 167, 9, 16, 1, 0, 1235088, 'Heavy Handed', 'inv_1115_warrior_crushingblow.jpg'),
  ('Warrior', 'Protection', '', 'spec', 176, 10, 6, 1, 0, 385952, 'Shield Charge', 'ability_warrior_shieldcharge.jpg'),
  ('Warrior', 'Protection', '', 'spec', 180, 10, 10, 1, 0, 386394, 'Battle-Scarred Veteran', 'ability_warrior_endlessrage.jpg'),
  ('Warrior', 'Protection', '', 'spec', 184, 10, 14, 1, 0, 1235113, 'Ravager', 'warrior_talent_icon_ravager.jpg'),
  ('Warrior', 'Protection', '', 'spec', 199, 11, 10, 4, 0, 1269311, 'Phalanx', 'inv12_apextalent_warrior_phalanx.jpg'),
  ('Warrior', 'Protection', 'Colossus', 'hero', 9, 1, 10, 1, 0, 436358, 'Demolish', 'inv_ability_colossuswarrior_demolish.jpg'),
  ('Warrior', 'Protection', 'Colossus', 'hero', 25, 2, 7, 1, 0, 429638, 'Martial Expert', 'ability_warrior_stalwartprotector.jpg'),
  ('Warrior', 'Protection', 'Colossus', 'hero', 27, 2, 9, 1, 0, 429634, 'Colossal Might', 'ability_warrior_strengthofarms.jpg'),
  ('Warrior', 'Protection', 'Colossus', 'hero', 29, 2, 11, 1, 0, 429639, 'Earthquaker', 'ability_deathknight_brittlebones.jpg'),
  ('Warrior', 'Protection', 'Colossus', 'hero', 31, 2, 13, 1, 0, 1270704, 'Decimator', 'inv_10_blacksmithing_craftedbar_bloodyalloy.jpg'),
  ('Warrior', 'Protection', 'Colossus', 'hero', 44, 3, 7, 1, 0, 429637, 'Arterial Bleed', 'ability_warrior_incite.jpg'),
  ('Warrior', 'Protection', 'Colossus', 'hero', 46, 3, 9, 1, 0, 429641, 'Tide of Battle', 'ability_warrior_weaponmastery.jpg'),
  ('Warrior', 'Protection', 'Colossus', 'hero', 48, 3, 11, 1, 0, 429644, 'Veteran Vitality', 'ability_warrior_renewedvigor.jpg'),
  ('Warrior', 'Protection', 'Colossus', 'hero', 50, 3, 13, 1, 0, 1270709, 'Cut to the Bone', 'ability_warrior_deepcuts.jpg'),
  ('Warrior', 'Protection', 'Colossus', 'hero', 63, 4, 7, 1, 0, 429647, 'Practiced Strikes', 'spell_warrior_sharpenblade.jpg'),
  ('Warrior', 'Protection', 'Colossus', 'hero', 65, 4, 9, 1, 0, 431548, 'Precise Might', 'spell_hunter_focusingshot.jpg'),
  ('Warrior', 'Protection', 'Colossus', 'hero', 67, 4, 11, 1, 0, 429642, 'Mountain of Muscle and Scars', 'ability_warrior_intensifyrage.jpg'),
  ('Warrior', 'Protection', 'Colossus', 'hero', 69, 4, 13, 1, 0, 1270710, 'Celeritous Conclusion', 'inv_1115_warrior_fasterreflexes.jpg'),
  ('Warrior', 'Protection', 'Colossus', 'hero', 85, 5, 10, 1, 0, 429636, 'Dominance of the Colossus', 'ability_warrior_titansgrip.jpg');

INSERT INTO `talent_tree_connections`
  (`class_name`, `spec_name`, `hero_name`, `tree_type`,
   `from_cell`, `to_cell`)
VALUES
  ('Warrior', 'Protection', '', 'class', 5, 22),
  ('Warrior', 'Protection', '', 'class', 5, 26),
  ('Warrior', 'Protection', '', 'class', 13, 30),
  ('Warrior', 'Protection', '', 'class', 13, 34),
  ('Warrior', 'Protection', '', 'class', 22, 43),
  ('Warrior', 'Protection', '', 'class', 26, 43),
  ('Warrior', 'Protection', '', 'class', 26, 47),
  ('Warrior', 'Protection', '', 'class', 30, 47),
  ('Warrior', 'Protection', '', 'class', 30, 49),
  ('Warrior', 'Protection', '', 'class', 30, 51),
  ('Warrior', 'Protection', '', 'class', 34, 51),
  ('Warrior', 'Protection', '', 'class', 22, 60),
  ('Warrior', 'Protection', '', 'class', 43, 60),
  ('Warrior', 'Protection', '', 'class', 43, 62),
  ('Warrior', 'Protection', '', 'class', 26, 64),
  ('Warrior', 'Protection', '', 'class', 43, 64),
  ('Warrior', 'Protection', '', 'class', 47, 64),
  ('Warrior', 'Protection', '', 'class', 47, 66),
  ('Warrior', 'Protection', '', 'class', 47, 68),
  ('Warrior', 'Protection', '', 'class', 51, 68),
  ('Warrior', 'Protection', '', 'class', 34, 72),
  ('Warrior', 'Protection', '', 'class', 51, 72),
  ('Warrior', 'Protection', '', 'class', 60, 81),
  ('Warrior', 'Protection', '', 'class', 64, 81),
  ('Warrior', 'Protection', '', 'class', 64, 83),
  ('Warrior', 'Protection', '', 'class', 64, 85),
  ('Warrior', 'Protection', '', 'class', 68, 85),
  ('Warrior', 'Protection', '', 'class', 68, 87),
  ('Warrior', 'Protection', '', 'class', 68, 89),
  ('Warrior', 'Protection', '', 'class', 72, 89),
  ('Warrior', 'Protection', '', 'class', 60, 98),
  ('Warrior', 'Protection', '', 'class', 81, 98),
  ('Warrior', 'Protection', '', 'class', 81, 100),
  ('Warrior', 'Protection', '', 'class', 81, 102),
  ('Warrior', 'Protection', '', 'class', 85, 102),
  ('Warrior', 'Protection', '', 'class', 85, 106),
  ('Warrior', 'Protection', '', 'class', 89, 106),
  ('Warrior', 'Protection', '', 'class', 72, 110),
  ('Warrior', 'Protection', '', 'class', 89, 110),
  ('Warrior', 'Protection', '', 'class', 98, 119),
  ('Warrior', 'Protection', '', 'class', 102, 119),
  ('Warrior', 'Protection', '', 'class', 102, 123),
  ('Warrior', 'Protection', '', 'class', 106, 123),
  ('Warrior', 'Protection', '', 'class', 106, 127),
  ('Warrior', 'Protection', '', 'class', 110, 127),
  ('Warrior', 'Protection', '', 'class', 119, 136),
  ('Warrior', 'Protection', '', 'class', 119, 140),
  ('Warrior', 'Protection', '', 'class', 123, 140),
  ('Warrior', 'Protection', '', 'class', 123, 144),
  ('Warrior', 'Protection', '', 'class', 127, 144),
  ('Warrior', 'Protection', '', 'class', 127, 148),
  ('Warrior', 'Protection', '', 'class', 136, 157),
  ('Warrior', 'Protection', '', 'class', 140, 157),
  ('Warrior', 'Protection', '', 'class', 140, 161),
  ('Warrior', 'Protection', '', 'class', 144, 161),
  ('Warrior', 'Protection', '', 'class', 144, 165),
  ('Warrior', 'Protection', '', 'class', 148, 165),
  ('Warrior', 'Protection', '', 'class', 157, 174),
  ('Warrior', 'Protection', '', 'class', 157, 178),
  ('Warrior', 'Protection', '', 'class', 161, 178),
  ('Warrior', 'Protection', '', 'class', 161, 182),
  ('Warrior', 'Protection', '', 'class', 165, 182),
  ('Warrior', 'Protection', '', 'class', 165, 186),
  ('Warrior', 'Protection', '', 'spec', 9, 26),
  ('Warrior', 'Protection', '', 'spec', 9, 30),
  ('Warrior', 'Protection', '', 'spec', 26, 43),
  ('Warrior', 'Protection', '', 'spec', 26, 46),
  ('Warrior', 'Protection', '', 'spec', 30, 48),
  ('Warrior', 'Protection', '', 'spec', 30, 51),
  ('Warrior', 'Protection', '', 'spec', 43, 64),
  ('Warrior', 'Protection', '', 'spec', 46, 66),
  ('Warrior', 'Protection', '', 'spec', 48, 66),
  ('Warrior', 'Protection', '', 'spec', 51, 68),
  ('Warrior', 'Protection', '', 'spec', 43, 81),
  ('Warrior', 'Protection', '', 'spec', 66, 83),
  ('Warrior', 'Protection', '', 'spec', 66, 85),
  ('Warrior', 'Protection', '', 'spec', 66, 87),
  ('Warrior', 'Protection', '', 'spec', 51, 89),
  ('Warrior', 'Protection', '', 'spec', 81, 98),
  ('Warrior', 'Protection', '', 'spec', 81, 100),
  ('Warrior', 'Protection', '', 'spec', 85, 102),
  ('Warrior', 'Protection', '', 'spec', 85, 104),
  ('Warrior', 'Protection', '', 'spec', 85, 106),
  ('Warrior', 'Protection', '', 'spec', 89, 108),
  ('Warrior', 'Protection', '', 'spec', 100, 117),
  ('Warrior', 'Protection', '', 'spec', 100, 119),
  ('Warrior', 'Protection', '', 'spec', 102, 119),
  ('Warrior', 'Protection', '', 'spec', 102, 123),
  ('Warrior', 'Protection', '', 'spec', 106, 123),
  ('Warrior', 'Protection', '', 'spec', 106, 127),
  ('Warrior', 'Protection', '', 'spec', 108, 127),
  ('Warrior', 'Protection', '', 'spec', 108, 129),
  ('Warrior', 'Protection', '', 'spec', 119, 138),
  ('Warrior', 'Protection', '', 'spec', 123, 140),
  ('Warrior', 'Protection', '', 'spec', 123, 142),
  ('Warrior', 'Protection', '', 'spec', 123, 144),
  ('Warrior', 'Protection', '', 'spec', 127, 146),
  ('Warrior', 'Protection', '', 'spec', 138, 155),
  ('Warrior', 'Protection', '', 'spec', 138, 159),
  ('Warrior', 'Protection', '', 'spec', 142, 159),
  ('Warrior', 'Protection', '', 'spec', 142, 161),
  ('Warrior', 'Protection', '', 'spec', 142, 163),
  ('Warrior', 'Protection', '', 'spec', 146, 163),
  ('Warrior', 'Protection', '', 'spec', 146, 167),
  ('Warrior', 'Protection', '', 'spec', 138, 176),
  ('Warrior', 'Protection', '', 'spec', 159, 180),
  ('Warrior', 'Protection', '', 'spec', 161, 180),
  ('Warrior', 'Protection', '', 'spec', 163, 180),
  ('Warrior', 'Protection', '', 'spec', 146, 184),
  ('Warrior', 'Protection', 'Colossus', 'hero', 9, 25),
  ('Warrior', 'Protection', 'Colossus', 'hero', 9, 27),
  ('Warrior', 'Protection', 'Colossus', 'hero', 9, 29),
  ('Warrior', 'Protection', 'Colossus', 'hero', 9, 31),
  ('Warrior', 'Protection', 'Colossus', 'hero', 25, 44),
  ('Warrior', 'Protection', 'Colossus', 'hero', 27, 46),
  ('Warrior', 'Protection', 'Colossus', 'hero', 29, 48),
  ('Warrior', 'Protection', 'Colossus', 'hero', 31, 50),
  ('Warrior', 'Protection', 'Colossus', 'hero', 44, 63),
  ('Warrior', 'Protection', 'Colossus', 'hero', 46, 65),
  ('Warrior', 'Protection', 'Colossus', 'hero', 48, 67),
  ('Warrior', 'Protection', 'Colossus', 'hero', 50, 69),
  ('Warrior', 'Protection', 'Colossus', 'hero', 63, 85),
  ('Warrior', 'Protection', 'Colossus', 'hero', 65, 85),
  ('Warrior', 'Protection', 'Colossus', 'hero', 67, 85),
  ('Warrior', 'Protection', 'Colossus', 'hero', 69, 85);

INSERT INTO `talent_spells`
  (`spell_id`, `spell_name`, `class_name`, `spec_name`, `hero_name`,
   `tree_type`, `status`, `notes`)
VALUES
  (386164, 'Battle Stance', 'Warrior', 'Protection', '', 'class', 'nyi', NULL),
  (386208, 'Defensive Stance', 'Warrior', 'Protection', '', 'class', 'nyi', NULL),
  (382260, 'Fast Footwork', 'Warrior', 'Protection', '', 'class', 'nyi', NULL),
  (262231, 'War Machine', 'Warrior', 'Protection', '', 'class', 'nyi', NULL),
  (6343, 'Thunder Clap', 'Warrior', 'Protection', '', 'class', 'nyi', NULL),
  (382258, 'Leeching Strikes', 'Warrior', 'Protection', '', 'class', 'nyi', NULL),
  (202168, 'Impending Victory', 'Warrior', 'Protection', '', 'class', 'nyi', NULL),
  (6544, 'Heroic Leap', 'Warrior', 'Protection', '', 'class', 'nyi', NULL),
  (203201, 'Crackling Thunder', 'Warrior', 'Protection', '', 'class', 'nyi', NULL),
  (107570, 'Storm Bolt', 'Warrior', 'Protection', '', 'class', 'nyi', NULL),
  (772, 'Rend', 'Warrior', 'Protection', '', 'class', 'nyi', NULL),
  (29838, 'Second Wind', 'Warrior', 'Protection', '', 'class', 'nyi', NULL),
  (392792, 'Frothing Berserker', 'Warrior', 'Protection', '', 'class', 'nyi', NULL),
  (202163, 'Bounding Stride', 'Warrior', 'Protection', '', 'class', 'nyi', NULL),
  (382549, 'Pain and Gain', 'Warrior', 'Protection', '', 'class', 'nyi', NULL),
  (3411, 'Intervene', 'Warrior', 'Protection', '', 'class', 'nyi', NULL),
  (46968, 'Shockwave', 'Warrior', 'Protection', '', 'class', 'nyi', NULL),
  (382767, 'Overwhelming Rage', 'Warrior', 'Protection', '', 'class', 'nyi', NULL),
  (97462, 'Rallying Cry', 'Warrior', 'Protection', '', 'class', 'nyi', NULL),
  (1271926, 'Field Dressing', 'Warrior', 'Protection', '', 'class', 'nyi', NULL),
  (23920, 'Spell Reflection', 'Warrior', 'Protection', '', 'class', 'nyi', NULL),
  (384110, 'Shattering Throw', 'Warrior', 'Protection', '', 'class', 'nyi', NULL),
  (64382, 'Shattering Throw', 'Warrior', 'Protection', '', 'class', 'nyi', NULL),
  (275339, 'Rumbling Earth', 'Warrior', 'Protection', '', 'class', 'nyi', NULL),
  (384100, 'Fearless', 'Warrior', 'Protection', '', 'class', 'nyi', NULL),
  (1271925, 'Fearless', 'Warrior', 'Protection', '', 'class', 'nyi', NULL),
  (5246, 'Piercing Howl', 'Warrior', 'Protection', '', 'class', 'nyi', NULL),
  (12323, 'Piercing Howl', 'Warrior', 'Protection', '', 'class', 'nyi', NULL),
  (391271, 'Honed Reflexes', 'Warrior', 'Protection', '', 'class', 'nyi', NULL),
  (384124, 'Armored to the Teeth', 'Warrior', 'Protection', '', 'class', 'nyi', NULL),
  (103827, 'Double Time', 'Warrior', 'Protection', '', 'class', 'nyi', NULL),
  (382939, 'Reinforced Plates', 'Warrior', 'Protection', '', 'class', 'nyi', NULL),
  (383082, 'Barbaric Training', 'Warrior', 'Protection', '', 'class', 'nyi', NULL),
  (1271948, 'Javelineer', 'Warrior', 'Protection', '', 'class', 'nyi', NULL),
  (1243660, 'Resonant Voice', 'Warrior', 'Protection', '', 'class', 'nyi', NULL),
  (382764, 'Crushing Force', 'Warrior', 'Protection', '', 'class', 'nyi', NULL),
  (392777, 'Cruel Strikes', 'Warrior', 'Protection', '', 'class', 'nyi', NULL),
  (382895, 'One-Handed Weapon Specialization', 'Warrior', 'Protection', '', 'class', 'nyi', NULL),
  (382946, 'Wild Strikes', 'Warrior', 'Protection', '', 'class', 'nyi', NULL),
  (152278, 'Anger Management', 'Warrior', 'Protection', '', 'class', 'nyi', NULL),
  (376079, 'Champion''s Spear', 'Warrior', 'Protection', '', 'class', 'nyi', NULL),
  (1280961, 'Stance Mastery', 'Warrior', 'Protection', '', 'class', 'nyi', NULL),
  (424742, 'Battlefield Commander', 'Warrior', 'Protection', '', 'class', 'nyi', NULL),
  (190456, 'Ignore Pain', 'Warrior', 'Protection', '', 'spec', 'nyi', NULL),
  (1160, 'Demoralizing Shout', 'Warrior', 'Protection', '', 'spec', 'nyi', NULL),
  (6572, 'Revenge', 'Warrior', 'Protection', '', 'spec', 'nyi', NULL),
  (386030, 'Brace For Impact', 'Warrior', 'Protection', '', 'spec', 'nyi', NULL),
  (1234769, 'Armor Specialization', 'Warrior', 'Protection', '', 'spec', 'nyi', NULL),
  (452494, 'Fight Through the Flames', 'Warrior', 'Protection', '', 'spec', 'nyi', NULL),
  (236279, 'Devastator', 'Warrior', 'Protection', '', 'spec', 'nyi', NULL),
  (386071, 'Disrupting Shout', 'Warrior', 'Protection', '', 'spec', 'nyi', NULL),
  (384041, 'Strategist', 'Warrior', 'Protection', '', 'spec', 'nyi', NULL),
  (1264330, 'Devastating Focus', 'Warrior', 'Protection', '', 'spec', 'nyi', NULL),
  (384036, 'Brutal Vitality', 'Warrior', 'Protection', '', 'spec', 'nyi', NULL),
  (394311, 'Instigate', 'Warrior', 'Protection', '', 'spec', 'nyi', NULL),
  (871, 'Shield Wall', 'Warrior', 'Protection', '', 'spec', 'nyi', NULL),
  (384361, 'Bloodsurge', 'Warrior', 'Protection', '', 'spec', 'nyi', NULL),
  (202560, 'Best Served Cold', 'Warrior', 'Protection', '', 'spec', 'nyi', NULL),
  (1235023, 'Hunker Down', 'Warrior', 'Protection', '', 'spec', 'nyi', NULL),
  (1235022, 'Hunker Down', 'Warrior', 'Protection', '', 'spec', 'nyi', NULL),
  (385840, 'Thunderlord', 'Warrior', 'Protection', '', 'spec', 'nyi', NULL),
  (397103, 'Impenetrable Wall', 'Warrior', 'Protection', '', 'spec', 'nyi', NULL),
  (384072, 'Impenetrable Wall', 'Warrior', 'Protection', '', 'spec', 'nyi', NULL),
  (1243659, 'Last Stand', 'Warrior', 'Protection', '', 'spec', 'nyi', NULL),
  (385704, 'Sudden Death', 'Warrior', 'Protection', '', 'spec', 'nyi', NULL),
  (29725, 'Sudden Death', 'Warrior', 'Protection', '', 'spec', 'nyi', NULL),
  (275334, 'Punish', 'Warrior', 'Protection', '', 'spec', 'nyi', NULL),
  (385888, 'Tough as Nails', 'Warrior', 'Protection', '', 'spec', 'nyi', NULL),
  (383103, 'Fueled by Violence', 'Warrior', 'Protection', '', 'spec', 'nyi', NULL),
  (386027, 'Enduring Defenses', 'Warrior', 'Protection', '', 'spec', 'nyi', NULL),
  (1235047, 'Unyielding Stance', 'Warrior', 'Protection', '', 'spec', 'nyi', NULL),
  (1261060, 'Deep Wounds', 'Warrior', 'Protection', '', 'spec', 'nyi', NULL),
  (203177, 'Into the Fray', 'Warrior', 'Protection', '', 'spec', 'nyi', NULL),
  (202603, 'Into The Fray', 'Warrior', 'Protection', '', 'spec', 'nyi', NULL),
  (384067, 'Focused Vigor', 'Warrior', 'Protection', '', 'spec', 'nyi', NULL),
  (386011, 'Shield Specialization', 'Warrior', 'Protection', '', 'spec', 'nyi', NULL),
  (384063, 'Enduring Alacrity', 'Warrior', 'Protection', '', 'spec', 'nyi', NULL),
  (107574, 'Avatar', 'Warrior', 'Protection', '', 'spec', 'nyi', NULL),
  (281001, 'Massacre', 'Warrior', 'Protection', '', 'spec', 'nyi', NULL),
  (202743, 'Booming Voice', 'Warrior', 'Protection', '', 'spec', 'nyi', NULL),
  (202095, 'Indomitable', 'Warrior', 'Protection', '', 'spec', 'nyi', NULL),
  (386477, 'Violent Outburst', 'Warrior', 'Protection', '', 'spec', 'nyi', NULL),
  (1235088, 'Heavy Handed', 'Warrior', 'Protection', '', 'spec', 'nyi', NULL),
  (385952, 'Shield Charge', 'Warrior', 'Protection', '', 'spec', 'nyi', NULL),
  (386394, 'Battle-Scarred Veteran', 'Warrior', 'Protection', '', 'spec', 'nyi', NULL),
  (1235113, 'Ravager', 'Warrior', 'Protection', '', 'spec', 'nyi', NULL),
  (228920, 'Ravager', 'Warrior', 'Protection', '', 'spec', 'nyi', NULL),
  (1269311, 'Phalanx', 'Warrior', 'Protection', '', 'spec', 'nyi', NULL),
  (436358, 'Demolish', 'Warrior', 'Protection', 'Colossus', 'hero', 'nyi', NULL),
  (429638, 'Martial Expert', 'Warrior', 'Protection', 'Colossus', 'hero', 'nyi', NULL),
  (429634, 'Colossal Might', 'Warrior', 'Protection', 'Colossus', 'hero', 'nyi', NULL),
  (429639, 'Earthquaker', 'Warrior', 'Protection', 'Colossus', 'hero', 'nyi', NULL),
  (440992, 'Earthquaker', 'Warrior', 'Protection', 'Colossus', 'hero', 'nyi', NULL),
  (1270704, 'Decimator', 'Warrior', 'Protection', 'Colossus', 'hero', 'nyi', NULL),
  (429637, 'Arterial Bleed', 'Warrior', 'Protection', 'Colossus', 'hero', 'nyi', NULL),
  (440995, 'Arterial Bleed', 'Warrior', 'Protection', 'Colossus', 'hero', 'nyi', NULL),
  (429641, 'Tide of Battle', 'Warrior', 'Protection', 'Colossus', 'hero', 'nyi', NULL),
  (429644, 'Veteran Vitality', 'Warrior', 'Protection', 'Colossus', 'hero', 'nyi', NULL),
  (440993, 'Veteran Vitality', 'Warrior', 'Protection', 'Colossus', 'hero', 'nyi', NULL),
  (1270709, 'Cut to the Bone', 'Warrior', 'Protection', 'Colossus', 'hero', 'nyi', NULL),
  (429647, 'Practiced Strikes', 'Warrior', 'Protection', 'Colossus', 'hero', 'nyi', NULL),
  (431548, 'Precise Might', 'Warrior', 'Protection', 'Colossus', 'hero', 'nyi', NULL),
  (429642, 'Mountain of Muscle and Scars', 'Warrior', 'Protection', 'Colossus', 'hero', 'nyi', NULL),
  (1270710, 'Celeritous Conclusion', 'Warrior', 'Protection', 'Colossus', 'hero', 'nyi', NULL),
  (429636, 'Dominance of the Colossus', 'Warrior', 'Protection', 'Colossus', 'hero', 'nyi', NULL)
AS _new
ON DUPLICATE KEY UPDATE
  `spell_name` = _new.`spell_name`;

