-- Auto-generated by parse_raw.ps1 from raw_mage_arcane_sunfury.txt -- do not edit by hand.

USE `spellhell_tracker`;

DELETE FROM `talent_tree_connections` WHERE `class_name`='Mage' AND `spec_name`='Arcane' AND (`hero_name`='' OR `hero_name`='Sunfury');
DELETE FROM `talent_tree_nodes` WHERE `class_name`='Mage' AND `spec_name`='Arcane' AND (`hero_name`='' OR `hero_name`='Sunfury');

INSERT INTO `talent_tree_nodes`
  (`class_name`, `spec_name`, `hero_name`, `tree_type`,
   `cell_id`, `row_pos`, `col_pos`, `max_rank`, `is_gate`,
   `spell_id`, `node_name`, `icon_name`)
VALUES
  ('Mage', 'Arcane', '', 'class', 9, 1, 10, 1, 0, 235450, 'Prismatic Barrier', 'spell_magearmor.jpg'),
  ('Mage', 'Arcane', '', 'class', 26, 2, 8, 1, 0, 342245, 'Alter Time', 'spell_mage_altertime.jpg'),
  ('Mage', 'Arcane', '', 'class', 30, 2, 12, 1, 0, 45438, 'Ice Block', 'spell_frost_frost.jpg'),
  ('Mage', 'Arcane', '', 'class', 43, 3, 6, 1, 0, 1244087, 'Temporal Realignment', 'warrior_doubletime.jpg'),
  ('Mage', 'Arcane', '', 'class', 45, 3, 8, 2, 0, 342249, 'Master of Time', 'inv_belt_armor_waistoftime_d_01.jpg'),
  ('Mage', 'Arcane', '', 'class', 49, 3, 12, 2, 0, 382424, 'Winter''s Protection', 'spell_ice_rune.jpg'),
  ('Mage', 'Arcane', '', 'class', 51, 3, 14, 1, 0, 1250315, 'Frost Conditioning', 'spell_frost_icefloes.jpg'),
  ('Mage', 'Arcane', '', 'class', 62, 4, 6, 2, 0, 383092, 'Arcane Warding', 'spell_arcane_arcaneresilience.jpg'),
  ('Mage', 'Arcane', '', 'class', 66, 4, 10, 1, 0, 458437, 'Inspired Intellect', 'spell_holy_arcaneintellect.jpg'),
  ('Mage', 'Arcane', '', 'class', 70, 4, 14, 1, 0, 55342, 'Mirror Image', 'spell_magic_lesserinvisibilty.jpg'),
  ('Mage', 'Arcane', '', 'class', 79, 5, 4, 1, 0, 30449, 'Spellsteal', 'spell_arcane_arcane02.jpg'),
  ('Mage', 'Arcane', '', 'class', 83, 5, 8, 1, 0, 382297, 'Quick Witted', 'ability_priest_surgeofdarkness.jpg'),
  ('Mage', 'Arcane', '', 'class', 85, 5, 10, 1, 0, 31661, 'Supernova', 'inv_misc_head_dragon_01.jpg'),
  ('Mage', 'Arcane', '', 'class', 87, 5, 12, 1, 0, 475, 'Remove Curse', 'spell_nature_removecurse.jpg'),
  ('Mage', 'Arcane', '', 'class', 91, 5, 16, 2, 0, 1244025, 'Improved Conjuration', 'spell_arcane_focusedpower.jpg'),
  ('Mage', 'Arcane', '', 'class', 98, 6, 4, 1, 0, 1270827, 'Improved Spellsteal', 'spell_arcane_arcane02.jpg'),
  ('Mage', 'Arcane', '', 'class', 100, 6, 6, 1, 0, 212653, 'Improved Blink', 'spell_arcane_massdispel.jpg'),
  ('Mage', 'Arcane', '', 'class', 102, 6, 8, 1, 0, 1270865, 'Improved Counterspell', 'inv_1115_mage_counterspell.jpg'),
  ('Mage', 'Arcane', '', 'class', 104, 6, 10, 1, 0, 390218, 'Overflowing Energy', 'spell_arcane_manatap.jpg'),
  ('Mage', 'Arcane', '', 'class', 106, 6, 12, 1, 0, 1270847, 'Improved Remove Curse', 'spell_nature_removecurse.jpg'),
  ('Mage', 'Arcane', '', 'class', 108, 6, 14, 1, 0, 110959, 'Greater Invisibility', 'ability_mage_greaterinvisibility.jpg'),
  ('Mage', 'Arcane', '', 'class', 117, 7, 4, 1, 0, 343183, 'Ice Ward', 'spell_frost_frostnova.jpg'),
  ('Mage', 'Arcane', '', 'class', 119, 7, 6, 1, 0, 1270872, 'Captured Thoughts', 'spell_nature_elementalabsorption.jpg'),
  ('Mage', 'Arcane', '', 'class', 121, 7, 8, 1, 0, 382493, 'Tome of Rhonin', 'inv_misc_book_04.jpg'),
  ('Mage', 'Arcane', '', 'class', 125, 7, 12, 1, 0, 382490, 'Tome of Antonidas', 'inv_misc_book_18.jpg'),
  ('Mage', 'Arcane', '', 'class', 127, 7, 14, 2, 0, 382293, 'Incantation of Swiftness', 'rogue_burstofspeed.jpg'),
  ('Mage', 'Arcane', '', 'class', 129, 7, 16, 1, 0, 210476, 'Master of Escape', 'ability_mage_invisibility.jpg'),
  ('Mage', 'Arcane', '', 'class', 138, 8, 6, 1, 0, 1244105, 'Charm of Aegwynn', 'inv_nerubian_necklace_02_color5.jpg'),
  ('Mage', 'Arcane', '', 'class', 140, 8, 8, 1, 0, 461261, 'Brainstorm', 'ability_kaztik_dominatemind.jpg'),
  ('Mage', 'Arcane', '', 'class', 142, 8, 10, 1, 0, 382268, 'Flow of Time', 'spell_arcane_blink.jpg'),
  ('Mage', 'Arcane', '', 'class', 144, 8, 12, 1, 0, 1270845, 'Mana Confluence', 'spell_shaman_blessingoftheeternals.jpg'),
  ('Mage', 'Arcane', '', 'class', 146, 8, 14, 1, 0, 1244107, 'Charm of Medivh', 'inv_nerubian_necklace_02_color1.jpg'),
  ('Mage', 'Arcane', '', 'class', 155, 9, 4, 1, 0, 1265517, 'Permafrost Bauble', 'inv_10_dungeonjewelry_primalist_necklace_2_frost.jpg'),
  ('Mage', 'Arcane', '', 'class', 157, 9, 6, 1, 0, 386763, 'Ice Nova', 'spell_frost_glacier.jpg'),
  ('Mage', 'Arcane', '', 'class', 159, 9, 8, 1, 0, 387807, 'Time Manipulation', 'spell_nature_timestop.jpg'),
  ('Mage', 'Arcane', '', 'class', 161, 9, 10, 1, 0, 113724, 'Mass Polymorph', 'spell_frost_ring-of-frost.jpg'),
  ('Mage', 'Arcane', '', 'class', 163, 9, 12, 1, 0, 386828, 'Energized Barriers', 'spell_mage_temporalshield.jpg'),
  ('Mage', 'Arcane', '', 'class', 165, 9, 14, 1, 0, 414664, 'Mass Invisibility', 'ability_mage_massinvisibility.jpg'),
  ('Mage', 'Arcane', '', 'class', 167, 9, 16, 1, 0, 455428, 'Barrier Diffusion', 'spell_mage_evanesce.jpg'),
  ('Mage', 'Arcane', '', 'class', 176, 10, 6, 1, 0, 414659, 'Ice Cold', 'spell_fire_bluefire.jpg'),
  ('Mage', 'Arcane', '', 'class', 180, 10, 10, 1, 0, 1244031, 'Reflection', 'spell_mage_overpowered.jpg'),
  ('Mage', 'Arcane', '', 'class', 184, 10, 14, 1, 0, 321745, 'Improved Prismatic Barrier', 'spell_magearmor.jpg'),
  ('Mage', 'Arcane', '', 'spec', 9, 1, 10, 1, 0, 5143, 'Arcane Missiles', 'spell_nature_starfall.jpg'),
  ('Mage', 'Arcane', '', 'spec', 26, 2, 8, 1, 0, 414379, 'Concentrated Power', 'spell_mage_overpowered.jpg'),
  ('Mage', 'Arcane', '', 'spec', 30, 2, 12, 1, 0, 384452, 'Arcane Salvo', 'inv12_ability_mage_arcanesalvo.jpg'),
  ('Mage', 'Arcane', '', 'spec', 43, 3, 6, 1, 0, 236628, 'Amplification', 'spell_arcane_invocation.jpg'),
  ('Mage', 'Arcane', '', 'spec', 47, 3, 10, 1, 0, 321420, 'Improved Clearcasting', 'spell_shadow_manaburn.jpg'),
  ('Mage', 'Arcane', '', 'spec', 51, 3, 14, 1, 0, 231564, 'Arcing Cleave', 'ability_mage_arcanebarrage.jpg'),
  ('Mage', 'Arcane', '', 'spec', 62, 4, 6, 1, 0, 1241462, 'Arcane Pulse', 'spell_arcane_arcanetorrent.jpg'),
  ('Mage', 'Arcane', '', 'spec', 66, 4, 10, 1, 0, 365350, 'Arcane Surge', 'ability_mage_arcanesurge.jpg'),
  ('Mage', 'Arcane', '', 'spec', 70, 4, 14, 1, 0, 153626, 'Arcane Orb', 'spell_mage_arcaneorb.jpg'),
  ('Mage', 'Arcane', '', 'spec', 79, 5, 4, 1, 0, 281482, 'Reverberate', 'spell_arcane_arcane04.jpg'),
  ('Mage', 'Arcane', '', 'spec', 83, 5, 8, 1, 0, 205025, 'Slipstream', 'spell_nature_enchantarmor.jpg'),
  ('Mage', 'Arcane', '', 'spec', 85, 5, 10, 1, 0, 457521, 'Mana Bomb', 'spell_holy_surgeoflight_shadow.jpg'),
  ('Mage', 'Arcane', '', 'spec', 87, 5, 12, 1, 0, 205022, 'Arcane Familiar', 'ability_socererking_arcanemines.jpg'),
  ('Mage', 'Arcane', '', 'spec', 91, 5, 16, 1, 0, 384651, 'Charged Orb', 'spell_mage_arcaneorb.jpg'),
  ('Mage', 'Arcane', '', 'spec', 100, 6, 6, 1, 0, 1223798, 'Intuition', 'spell_shadow_brainwash.jpg'),
  ('Mage', 'Arcane', '', 'spec', 104, 6, 10, 1, 0, 321507, 'Touch of the Magi', 'inv_ability_mage_radiantspark.jpg'),
  ('Mage', 'Arcane', '', 'spec', 106, 6, 12, 1, 0, 452997, 'Energized Familiar', 'spell_lightning_lightningbolt01.jpg'),
  ('Mage', 'Arcane', '', 'spec', 108, 6, 14, 1, 0, 1243557, 'Expanded Mind', 'inv_helmet_101.jpg'),
  ('Mage', 'Arcane', '', 'spec', 117, 7, 4, 1, 0, 461260, 'Consortium''s Bauble', 'inv_6_2raid_trinket_1b.jpg'),
  ('Mage', 'Arcane', '', 'spec', 119, 7, 6, 1, 0, 383980, 'Arcane Tempo', 'ability_socererking_arcaneacceleration.jpg'),
  ('Mage', 'Arcane', '', 'spec', 121, 7, 8, 2, 0, 1243307, 'Aether Attunement', 'inv_enchant_essencearcanelarge.jpg'),
  ('Mage', 'Arcane', '', 'spec', 123, 7, 10, 1, 0, 1243507, 'Arcane Echo', 'inv_misc_scrollrolled03d.jpg'),
  ('Mage', 'Arcane', '', 'spec', 125, 7, 12, 1, 0, 205028, 'Resonance', 'spell_arcane_arcane01.jpg'),
  ('Mage', 'Arcane', '', 'spec', 129, 7, 16, 1, 0, 383676, 'Impetus', 'spell_arcane_arcanetorrent.jpg'),
  ('Mage', 'Arcane', '', 'spec', 138, 8, 6, 1, 0, 12051, 'Mana Adept', 'spell_nature_purge.jpg'),
  ('Mage', 'Arcane', '', 'spec', 140, 8, 8, 1, 0, 321387, 'Enlightened', 'ability_socererking_arcanefortification.jpg'),
  ('Mage', 'Arcane', '', 'spec', 144, 8, 12, 1, 0, 461257, 'Focusing Crystal', 'ability_racial_arcaneaffinity.jpg'),
  ('Mage', 'Arcane', '', 'spec', 146, 8, 14, 1, 0, 384060, 'Illuminated Thoughts', 'spell_arcane_focusedpower.jpg'),
  ('Mage', 'Arcane', '', 'spec', 157, 9, 6, 2, 0, 384612, 'Prodigious Savant', 'ability_mage_studentofthemind.jpg'),
  ('Mage', 'Arcane', '', 'spec', 161, 9, 10, 1, 0, 452198, 'Eureka', 'spell_mage_presenceofmind.jpg'),
  ('Mage', 'Arcane', '', 'spec', 165, 9, 14, 2, 0, 1244001, 'Arcane Singularity', 'spell_nature_wispheal.jpg'),
  ('Mage', 'Arcane', '', 'spec', 174, 10, 4, 1, 0, 461248, 'Charged Missiles', 'spell_shaman_maelstromweapon.jpg'),
  ('Mage', 'Arcane', '', 'spec', 178, 10, 8, 1, 0, 1243542, 'Overflowing Insight', 'inv_offhand_pvealliance_d_01.jpg'),
  ('Mage', 'Arcane', '', 'spec', 180, 10, 10, 1, 0, 1244329, 'Overpowered Missiles', 'ability_socererking_arcanereplication.jpg'),
  ('Mage', 'Arcane', '', 'spec', 182, 10, 12, 1, 0, 1243435, 'Orb Mastery', 'ability_evoker_powerswell.jpg'),
  ('Mage', 'Arcane', '', 'spec', 186, 10, 16, 1, 0, 384858, 'Orb Barrage', 'spell_mage_arcaneorb_nightborne.jpg'),
  ('Mage', 'Arcane', '', 'spec', 199, 11, 10, 4, 0, 1257942, 'Touch of the Archmage', 'inv12_apextalent_mage_touchofthearchmage.jpg'),
  ('Mage', 'Arcane', 'Sunfury', 'hero', 9, 1, 10, 1, 0, 448601, 'Spellfire Spheres', 'inv_1115_mage_spellfirespheresgeneration.jpg'),
  ('Mage', 'Arcane', 'Sunfury', 'hero', 25, 2, 7, 1, 0, 449293, 'Mana Cascade', 'spell_frost_manarecharge.jpg'),
  ('Mage', 'Arcane', 'Sunfury', 'hero', 27, 2, 9, 1, 0, 448658, 'Invocation: Arcane Phoenix', 'inv_misc_phoenixegg.jpg'),
  ('Mage', 'Arcane', 'Sunfury', 'hero', 29, 2, 11, 1, 0, 451035, 'Burden of Power', 'inv_ragnaros_heart.jpg'),
  ('Mage', 'Arcane', 'Sunfury', 'hero', 31, 2, 13, 1, 0, 449394, 'Glorious Incandescence', 'spell_burningsoul.jpg'),
  ('Mage', 'Arcane', 'Sunfury', 'hero', 44, 3, 7, 1, 0, 449330, 'Time Twist', 'inv_helm_robe_raidmage_i_01.jpg'),
  ('Mage', 'Arcane', 'Sunfury', 'hero', 46, 3, 9, 1, 0, 449382, 'Codex of the Sunstriders', 'inv_10_inscription2_book3_color1.jpg'),
  ('Mage', 'Arcane', 'Sunfury', 'hero', 48, 3, 11, 1, 0, 449627, 'Explosive Potential', 'ability_paladin_handoflight.jpg'),
  ('Mage', 'Arcane', 'Sunfury', 'hero', 50, 3, 13, 1, 0, 1260673, 'Pyrocosm', 'spell_fire_meteorstorm.jpg'),
  ('Mage', 'Arcane', 'Sunfury', 'hero', 63, 4, 7, 1, 0, 449412, 'Sunfury Execution', 'spell_fire_masterofelements.jpg'),
  ('Mage', 'Arcane', 'Sunfury', 'hero', 65, 4, 9, 1, 0, 1260272, 'Ashes of Inspiration', 'inv_misc_powder_copper.jpg'),
  ('Mage', 'Arcane', 'Sunfury', 'hero', 67, 4, 11, 1, 0, 449596, 'Rondurmancy', 'spell_arcane_focusedpower.jpg'),
  ('Mage', 'Arcane', 'Sunfury', 'hero', 69, 4, 13, 1, 0, 1260616, 'Spellfire Salvo', 'shaman_talent_elementalblast.jpg'),
  ('Mage', 'Arcane', 'Sunfury', 'hero', 85, 5, 10, 1, 0, 449619, 'Memory of Al''ar', 'inv_ability_sunfurymage_spellfirespheres.jpg');

INSERT INTO `talent_tree_connections`
  (`class_name`, `spec_name`, `hero_name`, `tree_type`,
   `from_cell`, `to_cell`)
VALUES
  ('Mage', 'Arcane', '', 'class', 9, 26),
  ('Mage', 'Arcane', '', 'class', 9, 30),
  ('Mage', 'Arcane', '', 'class', 26, 43),
  ('Mage', 'Arcane', '', 'class', 26, 45),
  ('Mage', 'Arcane', '', 'class', 30, 49),
  ('Mage', 'Arcane', '', 'class', 30, 51),
  ('Mage', 'Arcane', '', 'class', 43, 62),
  ('Mage', 'Arcane', '', 'class', 45, 62),
  ('Mage', 'Arcane', '', 'class', 45, 66),
  ('Mage', 'Arcane', '', 'class', 49, 66),
  ('Mage', 'Arcane', '', 'class', 49, 70),
  ('Mage', 'Arcane', '', 'class', 51, 70),
  ('Mage', 'Arcane', '', 'class', 62, 79),
  ('Mage', 'Arcane', '', 'class', 62, 83),
  ('Mage', 'Arcane', '', 'class', 66, 83),
  ('Mage', 'Arcane', '', 'class', 66, 85),
  ('Mage', 'Arcane', '', 'class', 66, 87),
  ('Mage', 'Arcane', '', 'class', 70, 87),
  ('Mage', 'Arcane', '', 'class', 70, 91),
  ('Mage', 'Arcane', '', 'class', 79, 98),
  ('Mage', 'Arcane', '', 'class', 79, 100),
  ('Mage', 'Arcane', '', 'class', 83, 100),
  ('Mage', 'Arcane', '', 'class', 83, 102),
  ('Mage', 'Arcane', '', 'class', 83, 104),
  ('Mage', 'Arcane', '', 'class', 85, 104),
  ('Mage', 'Arcane', '', 'class', 87, 104),
  ('Mage', 'Arcane', '', 'class', 87, 106),
  ('Mage', 'Arcane', '', 'class', 87, 108),
  ('Mage', 'Arcane', '', 'class', 91, 108),
  ('Mage', 'Arcane', '', 'class', 98, 117),
  ('Mage', 'Arcane', '', 'class', 100, 117),
  ('Mage', 'Arcane', '', 'class', 100, 119),
  ('Mage', 'Arcane', '', 'class', 100, 121),
  ('Mage', 'Arcane', '', 'class', 102, 121),
  ('Mage', 'Arcane', '', 'class', 104, 121),
  ('Mage', 'Arcane', '', 'class', 104, 125),
  ('Mage', 'Arcane', '', 'class', 106, 125),
  ('Mage', 'Arcane', '', 'class', 108, 125),
  ('Mage', 'Arcane', '', 'class', 108, 127),
  ('Mage', 'Arcane', '', 'class', 108, 129),
  ('Mage', 'Arcane', '', 'class', 117, 138),
  ('Mage', 'Arcane', '', 'class', 119, 138),
  ('Mage', 'Arcane', '', 'class', 121, 138),
  ('Mage', 'Arcane', '', 'class', 121, 140),
  ('Mage', 'Arcane', '', 'class', 121, 142),
  ('Mage', 'Arcane', '', 'class', 125, 142),
  ('Mage', 'Arcane', '', 'class', 125, 144),
  ('Mage', 'Arcane', '', 'class', 125, 146),
  ('Mage', 'Arcane', '', 'class', 127, 146),
  ('Mage', 'Arcane', '', 'class', 129, 146),
  ('Mage', 'Arcane', '', 'class', 138, 155),
  ('Mage', 'Arcane', '', 'class', 138, 157),
  ('Mage', 'Arcane', '', 'class', 138, 159),
  ('Mage', 'Arcane', '', 'class', 140, 159),
  ('Mage', 'Arcane', '', 'class', 142, 159),
  ('Mage', 'Arcane', '', 'class', 142, 161),
  ('Mage', 'Arcane', '', 'class', 142, 163),
  ('Mage', 'Arcane', '', 'class', 144, 163),
  ('Mage', 'Arcane', '', 'class', 146, 163),
  ('Mage', 'Arcane', '', 'class', 146, 165),
  ('Mage', 'Arcane', '', 'class', 146, 167),
  ('Mage', 'Arcane', '', 'class', 155, 176),
  ('Mage', 'Arcane', '', 'class', 157, 176),
  ('Mage', 'Arcane', '', 'class', 159, 176),
  ('Mage', 'Arcane', '', 'class', 159, 180),
  ('Mage', 'Arcane', '', 'class', 161, 180),
  ('Mage', 'Arcane', '', 'class', 163, 180),
  ('Mage', 'Arcane', '', 'class', 163, 184),
  ('Mage', 'Arcane', '', 'class', 165, 184),
  ('Mage', 'Arcane', '', 'class', 167, 184),
  ('Mage', 'Arcane', '', 'spec', 9, 26),
  ('Mage', 'Arcane', '', 'spec', 9, 30),
  ('Mage', 'Arcane', '', 'spec', 26, 43),
  ('Mage', 'Arcane', '', 'spec', 26, 47),
  ('Mage', 'Arcane', '', 'spec', 30, 47),
  ('Mage', 'Arcane', '', 'spec', 30, 51),
  ('Mage', 'Arcane', '', 'spec', 43, 62),
  ('Mage', 'Arcane', '', 'spec', 47, 66),
  ('Mage', 'Arcane', '', 'spec', 51, 70),
  ('Mage', 'Arcane', '', 'spec', 62, 79),
  ('Mage', 'Arcane', '', 'spec', 62, 83),
  ('Mage', 'Arcane', '', 'spec', 66, 83),
  ('Mage', 'Arcane', '', 'spec', 66, 85),
  ('Mage', 'Arcane', '', 'spec', 66, 87),
  ('Mage', 'Arcane', '', 'spec', 70, 87),
  ('Mage', 'Arcane', '', 'spec', 70, 91),
  ('Mage', 'Arcane', '', 'spec', 79, 100),
  ('Mage', 'Arcane', '', 'spec', 83, 100),
  ('Mage', 'Arcane', '', 'spec', 83, 104),
  ('Mage', 'Arcane', '', 'spec', 87, 104),
  ('Mage', 'Arcane', '', 'spec', 87, 106),
  ('Mage', 'Arcane', '', 'spec', 87, 108),
  ('Mage', 'Arcane', '', 'spec', 91, 108),
  ('Mage', 'Arcane', '', 'spec', 100, 117),
  ('Mage', 'Arcane', '', 'spec', 100, 119),
  ('Mage', 'Arcane', '', 'spec', 100, 121),
  ('Mage', 'Arcane', '', 'spec', 104, 121),
  ('Mage', 'Arcane', '', 'spec', 104, 123),
  ('Mage', 'Arcane', '', 'spec', 104, 125),
  ('Mage', 'Arcane', '', 'spec', 106, 125),
  ('Mage', 'Arcane', '', 'spec', 108, 125),
  ('Mage', 'Arcane', '', 'spec', 108, 129),
  ('Mage', 'Arcane', '', 'spec', 117, 138),
  ('Mage', 'Arcane', '', 'spec', 119, 138),
  ('Mage', 'Arcane', '', 'spec', 121, 138),
  ('Mage', 'Arcane', '', 'spec', 121, 140),
  ('Mage', 'Arcane', '', 'spec', 123, 140),
  ('Mage', 'Arcane', '', 'spec', 123, 144),
  ('Mage', 'Arcane', '', 'spec', 125, 144),
  ('Mage', 'Arcane', '', 'spec', 125, 146),
  ('Mage', 'Arcane', '', 'spec', 129, 146),
  ('Mage', 'Arcane', '', 'spec', 138, 157),
  ('Mage', 'Arcane', '', 'spec', 140, 157),
  ('Mage', 'Arcane', '', 'spec', 140, 161),
  ('Mage', 'Arcane', '', 'spec', 144, 161),
  ('Mage', 'Arcane', '', 'spec', 144, 165),
  ('Mage', 'Arcane', '', 'spec', 146, 165),
  ('Mage', 'Arcane', '', 'spec', 157, 174),
  ('Mage', 'Arcane', '', 'spec', 157, 178),
  ('Mage', 'Arcane', '', 'spec', 161, 180),
  ('Mage', 'Arcane', '', 'spec', 165, 182),
  ('Mage', 'Arcane', '', 'spec', 165, 186),
  ('Mage', 'Arcane', 'Sunfury', 'hero', 9, 25),
  ('Mage', 'Arcane', 'Sunfury', 'hero', 9, 27),
  ('Mage', 'Arcane', 'Sunfury', 'hero', 9, 29),
  ('Mage', 'Arcane', 'Sunfury', 'hero', 9, 31),
  ('Mage', 'Arcane', 'Sunfury', 'hero', 25, 44),
  ('Mage', 'Arcane', 'Sunfury', 'hero', 27, 46),
  ('Mage', 'Arcane', 'Sunfury', 'hero', 29, 48),
  ('Mage', 'Arcane', 'Sunfury', 'hero', 31, 50),
  ('Mage', 'Arcane', 'Sunfury', 'hero', 44, 63),
  ('Mage', 'Arcane', 'Sunfury', 'hero', 46, 65),
  ('Mage', 'Arcane', 'Sunfury', 'hero', 48, 67),
  ('Mage', 'Arcane', 'Sunfury', 'hero', 50, 69),
  ('Mage', 'Arcane', 'Sunfury', 'hero', 63, 85),
  ('Mage', 'Arcane', 'Sunfury', 'hero', 65, 85),
  ('Mage', 'Arcane', 'Sunfury', 'hero', 67, 85),
  ('Mage', 'Arcane', 'Sunfury', 'hero', 69, 85);

INSERT INTO `talent_spells`
  (`spell_id`, `spell_name`, `class_name`, `spec_name`, `hero_name`,
   `tree_type`, `status`, `notes`)
VALUES
  (235450, 'Prismatic Barrier', 'Mage', 'Arcane', '', 'class', 'nyi', NULL),
  (342245, 'Alter Time', 'Mage', 'Arcane', '', 'class', 'nyi', NULL),
  (45438, 'Ice Block', 'Mage', 'Arcane', '', 'class', 'nyi', NULL),
  (1244087, 'Temporal Realignment', 'Mage', 'Arcane', '', 'class', 'nyi', NULL),
  (1244090, 'Temporal Realignment', 'Mage', 'Arcane', '', 'class', 'nyi', NULL),
  (342249, 'Master of Time', 'Mage', 'Arcane', '', 'class', 'nyi', NULL),
  (382424, 'Winter''s Protection', 'Mage', 'Arcane', '', 'class', 'nyi', NULL),
  (1250315, 'Frost Conditioning', 'Mage', 'Arcane', '', 'class', 'nyi', NULL),
  (383092, 'Arcane Warding', 'Mage', 'Arcane', '', 'class', 'nyi', NULL),
  (458437, 'Inspired Intellect', 'Mage', 'Arcane', '', 'class', 'nyi', NULL),
  (55342, 'Mirror Image', 'Mage', 'Arcane', '', 'class', 'nyi', NULL),
  (30449, 'Spellsteal', 'Mage', 'Arcane', '', 'class', 'nyi', NULL),
  (382297, 'Quick Witted', 'Mage', 'Arcane', '', 'class', 'nyi', NULL),
  (31661, 'Supernova', 'Mage', 'Arcane', '', 'class', 'nyi', NULL),
  (157980, 'Supernova', 'Mage', 'Arcane', '', 'class', 'nyi', NULL),
  (475, 'Remove Curse', 'Mage', 'Arcane', '', 'class', 'nyi', NULL),
  (1244025, 'Improved Conjuration', 'Mage', 'Arcane', '', 'class', 'nyi', NULL),
  (1270827, 'Improved Spellsteal', 'Mage', 'Arcane', '', 'class', 'nyi', NULL),
  (212653, 'Improved Blink', 'Mage', 'Arcane', '', 'class', 'nyi', NULL),
  (1244340, 'Improved Blink', 'Mage', 'Arcane', '', 'class', 'nyi', NULL),
  (1270865, 'Improved Counterspell', 'Mage', 'Arcane', '', 'class', 'nyi', NULL),
  (390218, 'Overflowing Energy', 'Mage', 'Arcane', '', 'class', 'nyi', NULL),
  (1270847, 'Improved Remove Curse', 'Mage', 'Arcane', '', 'class', 'nyi', NULL),
  (110959, 'Greater Invisibility', 'Mage', 'Arcane', '', 'class', 'nyi', NULL),
  (343183, 'Ice Ward', 'Mage', 'Arcane', '', 'class', 'nyi', NULL),
  (205036, 'Ice Ward', 'Mage', 'Arcane', '', 'class', 'nyi', NULL),
  (1270872, 'Captured Thoughts', 'Mage', 'Arcane', '', 'class', 'nyi', NULL),
  (382493, 'Tome of Rhonin', 'Mage', 'Arcane', '', 'class', 'nyi', NULL),
  (382490, 'Tome of Antonidas', 'Mage', 'Arcane', '', 'class', 'nyi', NULL),
  (382293, 'Incantation of Swiftness', 'Mage', 'Arcane', '', 'class', 'nyi', NULL),
  (210476, 'Master of Escape', 'Mage', 'Arcane', '', 'class', 'nyi', NULL),
  (1244105, 'Charm of Aegwynn', 'Mage', 'Arcane', '', 'class', 'nyi', NULL),
  (461261, 'Brainstorm', 'Mage', 'Arcane', '', 'class', 'nyi', NULL),
  (382268, 'Flow of Time', 'Mage', 'Arcane', '', 'class', 'nyi', NULL),
  (1270845, 'Mana Confluence', 'Mage', 'Arcane', '', 'class', 'nyi', NULL),
  (1244107, 'Charm of Medivh', 'Mage', 'Arcane', '', 'class', 'nyi', NULL),
  (1265517, 'Permafrost Bauble', 'Mage', 'Arcane', '', 'class', 'nyi', NULL),
  (386763, 'Ice Nova', 'Mage', 'Arcane', '', 'class', 'nyi', NULL),
  (157997, 'Ice Nova', 'Mage', 'Arcane', '', 'class', 'nyi', NULL),
  (387807, 'Time Manipulation', 'Mage', 'Arcane', '', 'class', 'nyi', NULL),
  (113724, 'Mass Polymorph', 'Mage', 'Arcane', '', 'class', 'nyi', NULL),
  (383121, 'Mass Polymorph', 'Mage', 'Arcane', '', 'class', 'nyi', NULL),
  (386828, 'Energized Barriers', 'Mage', 'Arcane', '', 'class', 'nyi', NULL),
  (414664, 'Mass Invisibility', 'Mage', 'Arcane', '', 'class', 'nyi', NULL),
  (455428, 'Barrier Diffusion', 'Mage', 'Arcane', '', 'class', 'nyi', NULL),
  (414659, 'Ice Cold', 'Mage', 'Arcane', '', 'class', 'nyi', NULL),
  (1244031, 'Reflection', 'Mage', 'Arcane', '', 'class', 'nyi', NULL),
  (1270829, 'Reflection', 'Mage', 'Arcane', '', 'class', 'nyi', NULL),
  (321745, 'Improved Prismatic Barrier', 'Mage', 'Arcane', '', 'class', 'nyi', NULL),
  (5143, 'Arcane Missiles', 'Mage', 'Arcane', '', 'spec', 'nyi', NULL),
  (414379, 'Concentrated Power', 'Mage', 'Arcane', '', 'spec', 'nyi', NULL),
  (384452, 'Arcane Salvo', 'Mage', 'Arcane', '', 'spec', 'nyi', NULL),
  (236628, 'Amplification', 'Mage', 'Arcane', '', 'spec', 'nyi', NULL),
  (321420, 'Improved Clearcasting', 'Mage', 'Arcane', '', 'spec', 'nyi', NULL),
  (231564, 'Arcing Cleave', 'Mage', 'Arcane', '', 'spec', 'nyi', NULL),
  (1241462, 'Arcane Pulse', 'Mage', 'Arcane', '', 'spec', 'nyi', NULL),
  (365350, 'Arcane Surge', 'Mage', 'Arcane', '', 'spec', 'nyi', NULL),
  (153626, 'Arcane Orb', 'Mage', 'Arcane', '', 'spec', 'nyi', NULL),
  (281482, 'Reverberate', 'Mage', 'Arcane', '', 'spec', 'nyi', NULL),
  (205025, 'Slipstream', 'Mage', 'Arcane', '', 'spec', 'nyi', NULL),
  (236457, 'Slipstream', 'Mage', 'Arcane', '', 'spec', 'nyi', NULL),
  (457521, 'Mana Bomb', 'Mage', 'Arcane', '', 'spec', 'nyi', NULL),
  (205022, 'Arcane Familiar', 'Mage', 'Arcane', '', 'spec', 'nyi', NULL),
  (384651, 'Charged Orb', 'Mage', 'Arcane', '', 'spec', 'nyi', NULL),
  (1223798, 'Intuition', 'Mage', 'Arcane', '', 'spec', 'nyi', NULL),
  (321507, 'Touch of the Magi', 'Mage', 'Arcane', '', 'spec', 'nyi', NULL),
  (452997, 'Energized Familiar', 'Mage', 'Arcane', '', 'spec', 'nyi', NULL),
  (1243557, 'Expanded Mind', 'Mage', 'Arcane', '', 'spec', 'nyi', NULL),
  (461260, 'Consortium''s Bauble', 'Mage', 'Arcane', '', 'spec', 'nyi', NULL),
  (383980, 'Arcane Tempo', 'Mage', 'Arcane', '', 'spec', 'nyi', NULL),
  (1243307, 'Aether Attunement', 'Mage', 'Arcane', '', 'spec', 'nyi', NULL),
  (1243507, 'Arcane Echo', 'Mage', 'Arcane', '', 'spec', 'nyi', NULL),
  (342231, 'Arcane Echo', 'Mage', 'Arcane', '', 'spec', 'nyi', NULL),
  (205028, 'Resonance', 'Mage', 'Arcane', '', 'spec', 'nyi', NULL),
  (383676, 'Impetus', 'Mage', 'Arcane', '', 'spec', 'nyi', NULL),
  (12051, 'Mana Adept', 'Mage', 'Arcane', '', 'spec', 'nyi', NULL),
  (321526, 'Mana Adept', 'Mage', 'Arcane', '', 'spec', 'nyi', NULL),
  (321387, 'Enlightened', 'Mage', 'Arcane', '', 'spec', 'nyi', NULL),
  (461257, 'Focusing Crystal', 'Mage', 'Arcane', '', 'spec', 'nyi', NULL),
  (384060, 'Illuminated Thoughts', 'Mage', 'Arcane', '', 'spec', 'nyi', NULL),
  (384612, 'Prodigious Savant', 'Mage', 'Arcane', '', 'spec', 'nyi', NULL),
  (452198, 'Eureka', 'Mage', 'Arcane', '', 'spec', 'nyi', NULL),
  (1244001, 'Arcane Singularity', 'Mage', 'Arcane', '', 'spec', 'nyi', NULL),
  (461248, 'Charged Missiles', 'Mage', 'Arcane', '', 'spec', 'nyi', NULL),
  (461251, 'Charged Missiles', 'Mage', 'Arcane', '', 'spec', 'nyi', NULL),
  (1243542, 'Overflowing Insight', 'Mage', 'Arcane', '', 'spec', 'nyi', NULL),
  (1244329, 'Overpowered Missiles', 'Mage', 'Arcane', '', 'spec', 'nyi', NULL),
  (1243435, 'Orb Mastery', 'Mage', 'Arcane', '', 'spec', 'nyi', NULL),
  (384858, 'Orb Barrage', 'Mage', 'Arcane', '', 'spec', 'nyi', NULL),
  (1257942, 'Touch of the Archmage', 'Mage', 'Arcane', '', 'spec', 'nyi', NULL),
  (448601, 'Spellfire Spheres', 'Mage', 'Arcane', 'Sunfury', 'hero', 'nyi', NULL),
  (449293, 'Mana Cascade', 'Mage', 'Arcane', 'Sunfury', 'hero', 'nyi', NULL),
  (448658, 'Invocation: Arcane Phoenix', 'Mage', 'Arcane', 'Sunfury', 'hero', 'nyi', NULL),
  (451035, 'Burden of Power', 'Mage', 'Arcane', 'Sunfury', 'hero', 'nyi', NULL),
  (449394, 'Glorious Incandescence', 'Mage', 'Arcane', 'Sunfury', 'hero', 'nyi', NULL),
  (449330, 'Time Twist', 'Mage', 'Arcane', 'Sunfury', 'hero', 'nyi', NULL),
  (1255166, 'Time Twist', 'Mage', 'Arcane', 'Sunfury', 'hero', 'nyi', NULL),
  (449382, 'Codex of the Sunstriders', 'Mage', 'Arcane', 'Sunfury', 'hero', 'nyi', NULL),
  (449627, 'Explosive Potential', 'Mage', 'Arcane', 'Sunfury', 'hero', 'nyi', NULL),
  (1246030, 'Explosive Potential', 'Mage', 'Arcane', 'Sunfury', 'hero', 'nyi', NULL),
  (1260673, 'Pyrocosm', 'Mage', 'Arcane', 'Sunfury', 'hero', 'nyi', NULL),
  (449412, 'Sunfury Execution', 'Mage', 'Arcane', 'Sunfury', 'hero', 'nyi', NULL),
  (449349, 'Sunfury Execution', 'Mage', 'Arcane', 'Sunfury', 'hero', 'nyi', NULL),
  (1260272, 'Ashes of Inspiration', 'Mage', 'Arcane', 'Sunfury', 'hero', 'nyi', NULL),
  (449596, 'Rondurmancy', 'Mage', 'Arcane', 'Sunfury', 'hero', 'nyi', NULL),
  (1260616, 'Spellfire Salvo', 'Mage', 'Arcane', 'Sunfury', 'hero', 'nyi', NULL),
  (449619, 'Memory of Al''ar', 'Mage', 'Arcane', 'Sunfury', 'hero', 'nyi', NULL)
AS _new
ON DUPLICATE KEY UPDATE
  `spell_name` = _new.`spell_name`;

